{"Version":"0.0.0","Data":{"ScrewStructureNodeInstances":"{\"_structures\":[{\"Id\":34,\"Pos\":{\"x\":-633.9664,\"y\":284.867218,\"z\":-629.023132},\"Rot\":{\"x\":0.0,\"y\":-0.709596038,\"z\":0.0,\"w\":0.704608738},\"Added\":53},{\"Id\":53,\"Pos\":{\"x\":-525.829041,\"y\":145.083725,\"z\":14.3064184},\"Rot\":{\"x\":-0.000349456648,\"y\":0.997796535,\"z\":0.00527207926,\"w\":0.06613835},\"Added\":1},{\"Id\":24,\"Pos\":{\"x\":-602.921448,\"y\":27.0068111,\"z\":1495.5575},\"Rot\":{\"x\":0.0,\"y\":0.428309321,\"z\":0.0,\"w\":0.903632164},\"Added\":0}]}"}}