{"Version":"0.0.0","Data":{"ScrewStructureInstances":"{\"_structures\":[{\"Id\":37,\"Pos\":{\"x\":-968.272156,\"y\":87.27556,\"z\":809.1804},\"Rot\":{\"x\":-0.0354326367,\"y\":0.0,\"z\":-0.02321448,\"w\":0.9991024},\"Storages\":[{\"Version\":\"0.0.0\",\"ItemBlocks\":[{\"ItemId\":78,\"TotalCount\":55,\"UniqueItems\":[{\"Modules\":[{\"VariantNumber\":0,\"Version\":\"0.0.0\",\"ModuleId\":6}]},{\"Modules\":[{\"VariantNumber\":0,\"Version\":\"0.0.0\",\"ModuleId\":6}]},{\"Modules\":[{\"VariantNumber\":0,\"Version\":\"0.0.0\",\"ModuleId\":6}]},{\"Modules\":[{\"VariantNumber\":0,\"Version\":\"0.0.0\",\"ModuleId\":6}]},{\"Modules\":[{\"VariantNumber\":0,\"Version\":\"0.0.0\",\"ModuleId\":6}]},{\"Modules\":[{\"VariantNumber\":0,\"Version\":\"0.0.0\",\"ModuleId\":6}]},{\"Modules\":[{\"VariantNumber\":0,\"Version\":\"0.0.0\",\"ModuleId\":6}]},{\"Modules\":[{\"VariantNumber\":0,\"Version\":\"0.0.0\",\"ModuleId\":6}]},{\"Modules\":[{\"VariantNumber\":0,\"Version\":\"0.0.0\",\"ModuleId\":6}]},{\"Modules\":[{\"VariantNumber\":0,\"Version\":\"0.0.0\",\"ModuleId\":6}]},{\"Modules\":[{\"VariantNumber\":0,\"Version\":\"0.0.0\",\"ModuleId\":6}]},{\"Modules\":[{\"VariantNumber\":0,\"Version\":\"0.0.0\",\"ModuleId\":6}]},{\"Modules\":[{\"VariantNumber\":0,\"Version\":\"0.0.0\",\"ModuleId\":6}]},{\"Modules\":[{\"VariantNumber\":0,\"Version\":\"0.0.0\",\"ModuleId\":6}]},{\"Modules\":[{\"VariantNumber\":0,\"Version\":\"0.0.0\",\"ModuleId\":6}]},{\"Modules\":[{\"VariantNumber\":0,\"Version\":\"0.0.0\",\"ModuleId\":6}]},{\"Modules\":[{\"VariantNumber\":0,\"Version\":\"0.0.0\",\"ModuleId\":6}]},{\"Modules\":[{\"VariantNumber\":0,\"Version\":\"0.0.0\",\"ModuleId\":6}]},{\"Modules\":[{\"VariantNumber\":0,\"Version\":\"0.0.0\",\"ModuleId\":6}]},{\"Modules\":[{\"VariantNumber\":0,\"Version\":\"0.0.0\",\"ModuleId\":6}]},{\"Modules\":[{\"VariantNumber\":0,\"Version\":\"0.0.0\",\"ModuleId\":6}]},{\"Modules\":[{\"VariantNumber\":0,\"Version\":\"0.0.0\",\"ModuleId\":6}]},{\"Modules\":[{\"VariantNumber\":0,\"Version\":\"0.0.0\",\"ModuleId\":6}]},{\"Modules\":[{\"VariantNumber\":0,\"Version\":\"0.0.0\",\"ModuleId\":6}]},{\"Modules\":[{\"VariantNumber\":0,\"Version\":\"0.0.0\",\"ModuleId\":6}]},{\"Modules\":[{\"VariantNumber\":0,\"Version\":\"0.0.0\",\"ModuleId\":6}]},{\"Modules\":[{\"VariantNumber\":0,\"Version\":\"0.0.0\",\"ModuleId\":6}]},{\"Modules\":[{\"VariantNumber\":0,\"Version\":\"0.0.0\",\"ModuleId\":6}]},{\"Modules\":[{\"VariantNumber\":0,\"Version\":\"0.0.0\",\"ModuleId\":6}]},{\"Modules\":[{\"VariantNumber\":0,\"Version\":\"0.0.0\",\"ModuleId\":6}]},{\"Modules\":[{\"VariantNumber\":0,\"Version\":\"0.0.0\",\"ModuleId\":6}]},{\"Modules\":[{\"VariantNumber\":0,\"Version\":\"0.0.0\",\"ModuleId\":6}]},{\"Modules\":[{\"VariantNumber\":0,\"Version\":\"0.0.0\",\"ModuleId\":6}]},{\"Modules\":[{\"VariantNumber\":0,\"Version\":\"0.0.0\",\"ModuleId\":6}]},{\"Modules\":[{\"VariantNumber\":0,\"Version\":\"0.0.0\",\"ModuleId\":6}]},{\"Modules\":[{\"VariantNumber\":0,\"Version\":\"0.0.0\",\"ModuleId\":6}]},{\"Modules\":[{\"VariantNumber\":0,\"Version\":\"0.0.0\",\"ModuleId\":6}]},{\"Modules\":[{\"VariantNumber\":0,\"Version\":\"0.0.0\",\"ModuleId\":6}]},{\"Modules\":[{\"VariantNumber\":0,\"Version\":\"0.0.0\",\"ModuleId\":6}]},{\"Modules\":[{\"VariantNumber\":0,\"Version\":\"0.0.0\",\"ModuleId\":6}]},{\"Modules\":[{\"VariantNumber\":0,\"Version\":\"0.0.0\",\"ModuleId\":6}]},{\"Modules\":[{\"VariantNumber\":0,\"Version\":\"0.0.0\",\"ModuleId\":6}]},{\"Modules\":[{\"VariantNumber\":0,\"Version\":\"0.0.0\",\"ModuleId\":6}]},{\"Modules\":[{\"VariantNumber\":0,\"Version\":\"0.0.0\",\"ModuleId\":6}]},{\"Modules\":[{\"VariantNumber\":0,\"Version\":\"0.0.0\",\"ModuleId\":6}]},{\"Modules\":[{\"VariantNumber\":0,\"Version\":\"0.0.0\",\"ModuleId\":6}]},{\"Modules\":[{\"VariantNumber\":0,\"Version\":\"0.0.0\",\"ModuleId\":6}]},{\"Modules\":[{\"VariantNumber\":0,\"Version\":\"0.0.0\",\"ModuleId\":6}]},{\"Modules\":[{\"VariantNumber\":0,\"Version\":\"0.0.0\",\"ModuleId\":6}]},{\"Modules\":[{\"VariantNumber\":0,\"Version\":\"0.0.0\",\"ModuleId\":6}]},{\"Modules\":[{\"VariantNumber\":0,\"Version\":\"0.0.0\",\"ModuleId\":6}]},{\"Modules\":[{\"VariantNumber\":0,\"Version\":\"0.0.0\",\"ModuleId\":6}]},{\"Modules\":[{\"VariantNumber\":0,\"Version\":\"0.0.0\",\"ModuleId\":6}]},{\"Modules\":[{\"VariantNumber\":0,\"Version\":\"0.0.0\",\"ModuleId\":6}]},{\"Modules\":[{\"VariantNumber\":0,\"Version\":\"0.0.0\",\"ModuleId\":6}]}]}]}]},{\"Id\":22,\"Pos\":{\"x\":-970.580933,\"y\":90.70542,\"z\":825.9455},\"Rot\":{\"x\":0.0,\"y\":0.743638635,\"z\":0.0,\"w\":0.6685818},\"Storages\":[]},{\"Id\":52,\"Pos\":{\"x\":-972.365662,\"y\":90.70542,\"z\":825.582336},\"Rot\":{\"x\":0.0,\"y\":-0.0780851,\"z\":0.0,\"w\":-0.996946752},\"Storages\":[]},{\"Id\":47,\"Pos\":{\"x\":-976.832947,\"y\":87.07507,\"z\":813.629639},\"Rot\":{\"x\":-0.0218512435,\"y\":0.91743207,\"z\":0.009459954,\"w\":0.397179484},\"Storages\":[]},{\"Id\":53,\"Pos\":{\"x\":-972.25946,\"y\":89.51291,\"z\":819.690735},\"Rot\":{\"x\":-6.483026E-10,\"y\":0.9990531,\"z\":-1.48870551E-08,\"w\":-0.0435068458},\"Storages\":[]},{\"Id\":53,\"Pos\":{\"x\":-974.55304,\"y\":89.4322,\"z\":819.885742},\"Rot\":{\"x\":0.0,\"y\":0.9990747,\"z\":0.0,\"w\":-0.04300952},\"Storages\":[]},{\"Id\":37,\"Pos\":{\"x\":-968.20105,\"y\":87.17811,\"z\":807.990356},\"Rot\":{\"x\":0.0114953248,\"y\":0.9993008,\"z\":-0.0354514,\"w\":0.003008491},\"Storages\":[{\"Version\":\"0.0.0\",\"ItemBlocks\":[{\"ItemId\":78,\"TotalCount\":32,\"UniqueItems\":[{\"Modules\":[{\"VariantNumber\":0,\"Version\":\"0.0.0\",\"ModuleId\":6}]},{\"Modules\":[{\"VariantNumber\":0,\"Version\":\"0.0.0\",\"ModuleId\":6}]},{\"Modules\":[{\"VariantNumber\":0,\"Version\":\"0.0.0\",\"ModuleId\":6}]},{\"Modules\":[{\"VariantNumber\":0,\"Version\":\"0.0.0\",\"ModuleId\":6}]},{\"Modules\":[{\"VariantNumber\":0,\"Version\":\"0.0.0\",\"ModuleId\":6}]},{\"Modules\":[{\"VariantNumber\":0,\"Version\":\"0.0.0\",\"ModuleId\":6}]},{\"Modules\":[{\"VariantNumber\":0,\"Version\":\"0.0.0\",\"ModuleId\":6}]},{\"Modules\":[{\"VariantNumber\":0,\"Version\":\"0.0.0\",\"ModuleId\":6}]},{\"Modules\":[{\"VariantNumber\":0,\"Version\":\"0.0.0\",\"ModuleId\":6}]},{\"Modules\":[{\"VariantNumber\":0,\"Version\":\"0.0.0\",\"ModuleId\":6}]},{\"Modules\":[{\"VariantNumber\":0,\"Version\":\"0.0.0\",\"ModuleId\":6}]},{\"Modules\":[{\"VariantNumber\":0,\"Version\":\"0.0.0\",\"ModuleId\":6}]},{\"Modules\":[{\"VariantNumber\":0,\"Version\":\"0.0.0\",\"ModuleId\":6}]},{\"Modules\":[{\"VariantNumber\":0,\"Version\":\"0.0.0\",\"ModuleId\":6}]},{\"Modules\":[{\"VariantNumber\":0,\"Version\":\"0.0.0\",\"ModuleId\":6}]},{\"Modules\":[{\"VariantNumber\":0,\"Version\":\"0.0.0\",\"ModuleId\":6}]},{\"Modules\":[{\"VariantNumber\":0,\"Version\":\"0.0.0\",\"ModuleId\":6}]},{\"Modules\":[{\"VariantNumber\":0,\"Version\":\"0.0.0\",\"ModuleId\":6}]},{\"Modules\":[{\"VariantNumber\":0,\"Version\":\"0.0.0\",\"ModuleId\":6}]},{\"Modules\":[{\"VariantNumber\":0,\"Version\":\"0.0.0\",\"ModuleId\":6}]},{\"Modules\":[{\"VariantNumber\":0,\"Version\":\"0.0.0\",\"ModuleId\":6}]},{\"Modules\":[{\"VariantNumber\":0,\"Version\":\"0.0.0\",\"ModuleId\":6}]},{\"Modules\":[{\"VariantNumber\":0,\"Version\":\"0.0.0\",\"ModuleId\":6}]},{\"Modules\":[{\"VariantNumber\":0,\"Version\":\"0.0.0\",\"ModuleId\":6}]},{\"Modules\":[{\"VariantNumber\":0,\"Version\":\"0.0.0\",\"ModuleId\":6}]},{\"Modules\":[{\"VariantNumber\":0,\"Version\":\"0.0.0\",\"ModuleId\":6}]},{\"Modules\":[{\"VariantNumber\":0,\"Version\":\"0.0.0\",\"ModuleId\":6}]},{\"Modules\":[{\"VariantNumber\":0,\"Version\":\"0.0.0\",\"ModuleId\":6}]},{\"Modules\":[{\"VariantNumber\":0,\"Version\":\"0.0.0\",\"ModuleId\":6}]},{\"Modules\":[{\"VariantNumber\":0,\"Version\":\"0.0.0\",\"ModuleId\":6}]},{\"Modules\":[{\"VariantNumber\":0,\"Version\":\"0.0.0\",\"ModuleId\":6}]},{\"Modules\":[{\"VariantNumber\":0,\"Version\":\"0.0.0\",\"ModuleId\":6}]}]}]}]},{\"Id\":54,\"Pos\":{\"x\":-969.4993,\"y\":92.9102,\"z\":825.364258},\"Rot\":{\"x\":0.0,\"y\":0.9990747,\"z\":0.0,\"w\":-0.04300952},\"Storages\":[]},{\"Id\":37,\"Pos\":{\"x\":-968.1796,\"y\":87.114624,\"z\":806.9622},\"Rot\":{\"x\":-0.0354326367,\"y\":0.0,\"z\":-0.02321448,\"w\":0.9991024},\"Storages\":[{\"Version\":\"0.0.0\",\"ItemBlocks\":[{\"ItemId\":78,\"TotalCount\":17,\"UniqueItems\":[{\"Modules\":[{\"VariantNumber\":0,\"Version\":\"0.0.0\",\"ModuleId\":6}]},{\"Modules\":[{\"VariantNumber\":0,\"Version\":\"0.0.0\",\"ModuleId\":6}]},{\"Modules\":[{\"VariantNumber\":0,\"Version\":\"0.0.0\",\"ModuleId\":6}]},{\"Modules\":[{\"VariantNumber\":0,\"Version\":\"0.0.0\",\"ModuleId\":6}]},{\"Modules\":[{\"VariantNumber\":0,\"Version\":\"0.0.0\",\"ModuleId\":6}]},{\"Modules\":[{\"VariantNumber\":0,\"Version\":\"0.0.0\",\"ModuleId\":6}]},{\"Modules\":[{\"VariantNumber\":0,\"Version\":\"0.0.0\",\"ModuleId\":6}]},{\"Modules\":[{\"VariantNumber\":0,\"Version\":\"0.0.0\",\"ModuleId\":6}]},{\"Modules\":[{\"VariantNumber\":0,\"Version\":\"0.0.0\",\"ModuleId\":6}]},{\"Modules\":[{\"VariantNumber\":0,\"Version\":\"0.0.0\",\"ModuleId\":6}]},{\"Modules\":[{\"VariantNumber\":0,\"Version\":\"0.0.0\",\"ModuleId\":6}]},{\"Modules\":[{\"VariantNumber\":0,\"Version\":\"0.0.0\",\"ModuleId\":6}]},{\"Modules\":[{\"VariantNumber\":0,\"Version\":\"0.0.0\",\"ModuleId\":6}]},{\"Modules\":[{\"VariantNumber\":0,\"Version\":\"0.0.0\",\"ModuleId\":6}]},{\"Modules\":[{\"VariantNumber\":0,\"Version\":\"0.0.0\",\"ModuleId\":6}]},{\"Modules\":[{\"VariantNumber\":0,\"Version\":\"0.0.0\",\"ModuleId\":6}]},{\"Modules\":[{\"VariantNumber\":0,\"Version\":\"0.0.0\",\"ModuleId\":6}]}]}]}]},{\"Id\":37,\"Pos\":{\"x\":-968.1144,\"y\":87.03071,\"z\":805.9312},\"Rot\":{\"x\":-0.0354163162,\"y\":0.0,\"z\":-0.011601896,\"w\":0.9993053},\"Storages\":[{\"Version\":\"0.0.0\",\"ItemBlocks\":[{\"ItemId\":78,\"TotalCount\":6,\"UniqueItems\":[{\"Modules\":[{\"VariantNumber\":0,\"Version\":\"0.0.0\",\"ModuleId\":6}]},{\"Modules\":[{\"VariantNumber\":0,\"Version\":\"0.0.0\",\"ModuleId\":6}]},{\"Modules\":[{\"VariantNumber\":0,\"Version\":\"0.0.0\",\"ModuleId\":6}]},{\"Modules\":[{\"VariantNumber\":0,\"Version\":\"0.0.0\",\"ModuleId\":6}]},{\"Modules\":[{\"VariantNumber\":0,\"Version\":\"0.0.0\",\"ModuleId\":6}]},{\"Modules\":[{\"VariantNumber\":0,\"Version\":\"0.0.0\",\"ModuleId\":6}]}]}]}]},{\"Id\":52,\"Pos\":{\"x\":-972.8941,\"y\":87.261116,\"z\":810.829651},\"Rot\":{\"x\":0.0515900254,\"y\":-0.9910562,\"z\":0.0407684669,\"w\":-0.116121151},\"Storages\":[]},{\"Id\":53,\"Pos\":{\"x\":-969.72876,\"y\":92.6253357,\"z\":821.7094},\"Rot\":{\"x\":-6.538846E-10,\"y\":0.9990367,\"z\":-1.48868073E-08,\"w\":-0.0438814536},\"Storages\":[]},{\"Id\":53,\"Pos\":{\"x\":-967.5705,\"y\":92.65005,\"z\":821.521057},\"Rot\":{\"x\":1.24136013E-09,\"y\":0.9990367,\"z\":2.82616757E-08,\"w\":-0.0438814871},\"Storages\":[]},{\"Id\":29,\"Pos\":{\"x\":-925.5783,\"y\":88.18785,\"z\":804.372131},\"Rot\":{\"x\":0.0115983766,\"y\":0.0,\"z\":0.0115983766,\"w\":0.9998655},\"Storages\":[{\"Version\":\"0.0.0\",\"ItemBlocks\":[{\"ItemId\":392,\"TotalCount\":12,\"UniqueItems\":[{\"Modules\":[{\"ChannelWeights\":{\"x\":0.0,\"y\":0.0,\"z\":0.0,\"w\":1.0},\"Version\":\"0.0.0\",\"ModuleId\":0}]},{\"Modules\":[{\"ChannelWeights\":{\"x\":0.0,\"y\":0.0,\"z\":0.0,\"w\":1.0},\"Version\":\"0.0.0\",\"ModuleId\":0}]},{\"Modules\":[{\"ChannelWeights\":{\"x\":0.0,\"y\":0.0,\"z\":0.0,\"w\":1.0},\"Version\":\"0.0.0\",\"ModuleId\":0}]},{\"Modules\":[{\"ChannelWeights\":{\"x\":0.0,\"y\":0.0,\"z\":0.0,\"w\":1.0},\"Version\":\"0.0.0\",\"ModuleId\":0}]},{\"Modules\":[{\"ChannelWeights\":{\"x\":0.0,\"y\":0.0,\"z\":0.0,\"w\":1.0},\"Version\":\"0.0.0\",\"ModuleId\":0}]},{\"Modules\":[{\"ChannelWeights\":{\"x\":0.0,\"y\":0.0,\"z\":0.0,\"w\":1.0},\"Version\":\"0.0.0\",\"ModuleId\":0}]},{\"Modules\":[{\"ChannelWeights\":{\"x\":0.0,\"y\":0.0,\"z\":0.0,\"w\":1.0},\"Version\":\"0.0.0\",\"ModuleId\":0}]},{\"Modules\":[{\"ChannelWeights\":{\"x\":0.0,\"y\":0.0,\"z\":0.0,\"w\":1.0},\"Version\":\"0.0.0\",\"ModuleId\":0}]},{\"Modules\":[{\"ChannelWeights\":{\"x\":0.0,\"y\":0.0,\"z\":0.0,\"w\":1.0},\"Version\":\"0.0.0\",\"ModuleId\":0}]},{\"Modules\":[{\"ChannelWeights\":{\"x\":0.0,\"y\":0.0,\"z\":0.0,\"w\":1.0},\"Version\":\"0.0.0\",\"ModuleId\":0}]},{\"Modules\":[{\"ChannelWeights\":{\"x\":0.0,\"y\":0.0,\"z\":0.0,\"w\":1.0},\"Version\":\"0.0.0\",\"ModuleId\":0}]},{\"Modules\":[{\"ChannelWeights\":{\"x\":0.0,\"y\":0.0,\"z\":0.0,\"w\":1.0},\"Version\":\"0.0.0\",\"ModuleId\":0}]}]}]}]},{\"Id\":53,\"Pos\":{\"x\":-965.4586,\"y\":88.96816,\"z\":810.6595},\"Rot\":{\"x\":0.0,\"y\":-0.4813824,\"z\":0.0,\"w\":0.876510739},\"Storages\":[]},{\"Id\":53,\"Pos\":{\"x\":-971.7364,\"y\":88.51979,\"z\":811.481262},\"Rot\":{\"x\":1.36104994E-09,\"y\":-0.6826901,\"z\":1.2716096E-09,\"w\":0.730708063},\"Storages\":[]},{\"Id\":32,\"Pos\":{\"x\":-971.408264,\"y\":88.3965,\"z\":819.412354},\"Rot\":{\"x\":-0.00707009062,\"y\":-0.433267981,\"z\":0.01273655,\"w\":0.9011475},\"Storages\":[{\"Version\":\"0.0.0\",\"ItemBlocks\":[{\"ItemId\":405,\"TotalCount\":209,\"UniqueItems\":[{\"Modules\":[{\"ChannelWeights\":{\"x\":0.0,\"y\":0.0,\"z\":0.0,\"w\":1.0},\"Version\":\"0.0.0\",\"ModuleId\":0}]},{\"Modules\":[{\"ChannelWeights\":{\"x\":0.0,\"y\":0.0,\"z\":0.0,\"w\":1.0},\"Version\":\"0.0.0\",\"ModuleId\":0}]},{\"Modules\":[{\"ChannelWeights\":{\"x\":0.0,\"y\":0.0,\"z\":0.0,\"w\":1.0},\"Version\":\"0.0.0\",\"ModuleId\":0}]},{\"Modules\":[{\"ChannelWeights\":{\"x\":0.0,\"y\":0.0,\"z\":0.0,\"w\":1.0},\"Version\":\"0.0.0\",\"ModuleId\":0}]},{\"Modules\":[{\"ChannelWeights\":{\"x\":0.0,\"y\":0.0,\"z\":0.0,\"w\":1.0},\"Version\":\"0.0.0\",\"ModuleId\":0}]},{\"Modules\":[{\"ChannelWeights\":{\"x\":0.0,\"y\":0.0,\"z\":0.0,\"w\":1.0},\"Version\":\"0.0.0\",\"ModuleId\":0}]},{\"Modules\":[{\"ChannelWeights\":{\"x\":0.0,\"y\":0.0,\"z\":0.0,\"w\":1.0},\"Version\":\"0.0.0\",\"ModuleId\":0}]},{\"Modules\":[{\"ChannelWeights\":{\"x\":0.0,\"y\":0.0,\"z\":0.0,\"w\":1.0},\"Version\":\"0.0.0\",\"ModuleId\":0}]},{\"Modules\":[{\"ChannelWeights\":{\"x\":0.0,\"y\":0.0,\"z\":0.0,\"w\":1.0},\"Version\":\"0.0.0\",\"ModuleId\":0}]},{\"Modules\":[{\"ChannelWeights\":{\"x\":0.0,\"y\":0.0,\"z\":0.0,\"w\":1.0},\"Version\":\"0.0.0\",\"ModuleId\":0}]},{\"Modules\":[{\"ChannelWeights\":{\"x\":0.0,\"y\":0.0,\"z\":0.0,\"w\":1.0},\"Version\":\"0.0.0\",\"ModuleId\":0}]},{\"Modules\":[{\"ChannelWeights\":{\"x\":0.0,\"y\":0.0,\"z\":0.0,\"w\":1.0},\"Version\":\"0.0.0\",\"ModuleId\":0}]},{\"Modules\":[{\"ChannelWeights\":{\"x\":0.0,\"y\":0.0,\"z\":0.0,\"w\":1.0},\"Version\":\"0.0.0\",\"ModuleId\":0}]},{\"Modules\":[{\"ChannelWeights\":{\"x\":0.0,\"y\":0.0,\"z\":0.0,\"w\":1.0},\"Version\":\"0.0.0\",\"ModuleId\":0}]},{\"Modules\":[{\"ChannelWeights\":{\"x\":0.0,\"y\":0.0,\"z\":0.0,\"w\":0.0},\"Version\":\"0.0.0\",\"ModuleId\":0}]},{\"Modules\":[{\"ChannelWeights\":{\"x\":0.0,\"y\":0.0,\"z\":0.0,\"w\":1.0},\"Version\":\"0.0.0\",\"ModuleId\":0}]},{\"Modules\":[{\"ChannelWeights\":{\"x\":0.0,\"y\":0.0,\"z\":0.0,\"w\":1.0},\"Version\":\"0.0.0\",\"ModuleId\":0}]},{\"Modules\":[{\"ChannelWeights\":{\"x\":0.0,\"y\":0.0,\"z\":0.0,\"w\":1.0},\"Version\":\"0.0.0\",\"ModuleId\":0}]},{\"Modules\":[{\"ChannelWeights\":{\"x\":0.0,\"y\":0.0,\"z\":0.0,\"w\":1.0},\"Version\":\"0.0.0\",\"ModuleId\":0}]},{\"Modules\":[{\"ChannelWeights\":{\"x\":0.0,\"y\":0.0,\"z\":0.0,\"w\":1.0},\"Version\":\"0.0.0\",\"ModuleId\":0}]},{\"Modules\":[{\"ChannelWeights\":{\"x\":0.0,\"y\":0.0,\"z\":0.0,\"w\":1.0},\"Version\":\"0.0.0\",\"ModuleId\":0}]},{\"Modules\":[{\"ChannelWeights\":{\"x\":0.0,\"y\":0.0,\"z\":0.0,\"w\":0.0},\"Version\":\"0.0.0\",\"ModuleId\":0}]},{\"Modules\":[{\"ChannelWeights\":{\"x\":0.0,\"y\":0.0,\"z\":0.0,\"w\":1.0},\"Version\":\"0.0.0\",\"ModuleId\":0}]},{\"Modules\":[{\"ChannelWeights\":{\"x\":0.0,\"y\":0.0,\"z\":0.0,\"w\":1.0},\"Version\":\"0.0.0\",\"ModuleId\":0}]},{\"Modules\":[{\"ChannelWeights\":{\"x\":0.0,\"y\":0.0,\"z\":0.0,\"w\":1.0},\"Version\":\"0.0.0\",\"ModuleId\":0}]},{\"Modules\":[{\"ChannelWeights\":{\"x\":0.0,\"y\":0.0,\"z\":0.0,\"w\":1.0},\"Version\":\"0.0.0\",\"ModuleId\":0}]},{\"Modules\":[{\"ChannelWeights\":{\"x\":0.0,\"y\":0.0,\"z\":0.0,\"w\":1.0},\"Version\":\"0.0.0\",\"ModuleId\":0}]},{\"Modules\":[{\"ChannelWeights\":{\"x\":0.0,\"y\":0.0,\"z\":0.0,\"w\":1.0},\"Version\":\"0.0.0\",\"ModuleId\":0}]},{\"Modules\":[{\"ChannelWeights\":{\"x\":0.0,\"y\":0.0,\"z\":0.0,\"w\":1.0},\"Version\":\"0.0.0\",\"ModuleId\":0}]},{\"Modules\":[{\"ChannelWeights\":{\"x\":0.0,\"y\":0.0,\"z\":0.0,\"w\":1.0},\"Version\":\"0.0.0\",\"ModuleId\":0}]},{\"Modules\":[{\"ChannelWeights\":{\"x\":0.0,\"y\":0.0,\"z\":0.0,\"w\":1.0},\"Version\":\"0.0.0\",\"ModuleId\":0}]},{\"Modules\":[{\"ChannelWeights\":{\"x\":0.0,\"y\":0.0,\"z\":0.0,\"w\":1.0},\"Version\":\"0.0.0\",\"ModuleId\":0}]},{\"Modules\":[{\"ChannelWeights\":{\"x\":0.0,\"y\":0.0,\"z\":0.0,\"w\":1.0},\"Version\":\"0.0.0\",\"ModuleId\":0}]},{\"Modules\":[{\"ChannelWeights\":{\"x\":0.0,\"y\":0.0,\"z\":0.0,\"w\":1.0},\"Version\":\"0.0.0\",\"ModuleId\":0}]},{\"Modules\":[{\"ChannelWeights\":{\"x\":0.0,\"y\":0.0,\"z\":0.0,\"w\":1.0},\"Version\":\"0.0.0\",\"ModuleId\":0}]},{\"Modules\":[{\"ChannelWeights\":{\"x\":0.0,\"y\":0.0,\"z\":0.0,\"w\":1.0},\"Version\":\"0.0.0\",\"ModuleId\":0}]},{\"Modules\":[{\"ChannelWeights\":{\"x\":0.0,\"y\":0.0,\"z\":0.0,\"w\":1.0},\"Version\":\"0.0.0\",\"ModuleId\":0}]},{\"Modules\":[{\"ChannelWeights\":{\"x\":0.0,\"y\":0.0,\"z\":0.0,\"w\":1.0},\"Version\":\"0.0.0\",\"ModuleId\":0}]},{\"Modules\":[{\"ChannelWeights\":{\"x\":0.0,\"y\":0.0,\"z\":0.0,\"w\":1.0},\"Version\":\"0.0.0\",\"ModuleId\":0}]},{\"Modules\":[{\"ChannelWeights\":{\"x\":0.0,\"y\":0.0,\"z\":0.0,\"w\":1.0},\"Version\":\"0.0.0\",\"ModuleId\":0}]},{\"Modules\":[{\"ChannelWeights\":{\"x\":0.0,\"y\":0.0,\"z\":0.0,\"w\":1.0},\"Version\":\"0.0.0\",\"ModuleId\":0}]},{\"Modules\":[{\"ChannelWeights\":{\"x\":0.0,\"y\":0.0,\"z\":0.0,\"w\":1.0},\"Version\":\"0.0.0\",\"ModuleId\":0}]},{\"Modules\":[{\"ChannelWeights\":{\"x\":0.0,\"y\":0.0,\"z\":0.0,\"w\":1.0},\"Version\":\"0.0.0\",\"ModuleId\":0}]},{\"Modules\":[{\"ChannelWeights\":{\"x\":0.0,\"y\":0.0,\"z\":0.0,\"w\":1.0},\"Version\":\"0.0.0\",\"ModuleId\":0}]},{\"Modules\":[{\"ChannelWeights\":{\"x\":0.0,\"y\":0.0,\"z\":0.0,\"w\":1.0},\"Version\":\"0.0.0\",\"ModuleId\":0}]},{\"Modules\":[{\"ChannelWeights\":{\"x\":0.0,\"y\":0.0,\"z\":0.0,\"w\":1.0},\"Version\":\"0.0.0\",\"ModuleId\":0}]},{\"Modules\":[{\"ChannelWeights\":{\"x\":0.0,\"y\":0.0,\"z\":0.0,\"w\":1.0},\"Version\":\"0.0.0\",\"ModuleId\":0}]},{\"Modules\":[{\"ChannelWeights\":{\"x\":0.0,\"y\":0.0,\"z\":0.0,\"w\":1.0},\"Version\":\"0.0.0\",\"ModuleId\":0}]},{\"Modules\":[{\"ChannelWeights\":{\"x\":0.0,\"y\":0.0,\"z\":0.0,\"w\":1.0},\"Version\":\"0.0.0\",\"ModuleId\":0}]},{\"Modules\":[{\"ChannelWeights\":{\"x\":0.0,\"y\":0.0,\"z\":0.0,\"w\":1.0},\"Version\":\"0.0.0\",\"ModuleId\":0}]},{\"Modules\":[{\"ChannelWeights\":{\"x\":0.0,\"y\":0.0,\"z\":0.0,\"w\":1.0},\"Version\":\"0.0.0\",\"ModuleId\":0}]},{\"Modules\":[{\"ChannelWeights\":{\"x\":0.0,\"y\":0.0,\"z\":0.0,\"w\":1.0},\"Version\":\"0.0.0\",\"ModuleId\":0}]},{\"Modules\":[{\"ChannelWeights\":{\"x\":0.0,\"y\":0.0,\"z\":0.0,\"w\":1.0},\"Version\":\"0.0.0\",\"ModuleId\":0}]},{\"Modules\":[{\"ChannelWeights\":{\"x\":0.0,\"y\":0.0,\"z\":0.0,\"w\":1.0},\"Version\":\"0.0.0\",\"ModuleId\":0}]},{\"Modules\":[{\"ChannelWeights\":{\"x\":0.0,\"y\":0.0,\"z\":0.0,\"w\":1.0},\"Version\":\"0.0.0\",\"ModuleId\":0}]},{\"Modules\":[{\"ChannelWeights\":{\"x\":0.0,\"y\":0.0,\"z\":0.0,\"w\":1.0},\"Version\":\"0.0.0\",\"ModuleId\":0}]},{\"Modules\":[{\"ChannelWeights\":{\"x\":0.0,\"y\":0.0,\"z\":0.0,\"w\":1.0},\"Version\":\"0.0.0\",\"ModuleId\":0}]},{\"Modules\":[{\"ChannelWeights\":{\"x\":0.0,\"y\":0.0,\"z\":0.0,\"w\":1.0},\"Version\":\"0.0.0\",\"ModuleId\":0}]},{\"Modules\":[{\"ChannelWeights\":{\"x\":0.0,\"y\":0.0,\"z\":0.0,\"w\":1.0},\"Version\":\"0.0.0\",\"ModuleId\":0}]},{\"Modules\":[{\"ChannelWeights\":{\"x\":0.0,\"y\":0.0,\"z\":0.0,\"w\":1.0},\"Version\":\"0.0.0\",\"ModuleId\":0}]},{\"Modules\":[{\"ChannelWeights\":{\"x\":0.0,\"y\":0.0,\"z\":0.0,\"w\":1.0},\"Version\":\"0.0.0\",\"ModuleId\":0}]},{\"Modules\":[{\"ChannelWeights\":{\"x\":0.0,\"y\":0.0,\"z\":0.0,\"w\":1.0},\"Version\":\"0.0.0\",\"ModuleId\":0}]},{\"Modules\":[{\"ChannelWeights\":{\"x\":0.0,\"y\":0.0,\"z\":0.0,\"w\":1.0},\"Version\":\"0.0.0\",\"ModuleId\":0}]},{\"Modules\":[{\"ChannelWeights\":{\"x\":0.0,\"y\":0.0,\"z\":0.0,\"w\":1.0},\"Version\":\"0.0.0\",\"ModuleId\":0}]},{\"Modules\":[{\"ChannelWeights\":{\"x\":0.0,\"y\":0.0,\"z\":0.0,\"w\":1.0},\"Version\":\"0.0.0\",\"ModuleId\":0}]},{\"Modules\":[{\"ChannelWeights\":{\"x\":0.0,\"y\":0.0,\"z\":0.0,\"w\":1.0},\"Version\":\"0.0.0\",\"ModuleId\":0}]},{\"Modules\":[{\"ChannelWeights\":{\"x\":0.0,\"y\":0.0,\"z\":0.0,\"w\":1.0},\"Version\":\"0.0.0\",\"ModuleId\":0}]},{\"Modules\":[{\"ChannelWeights\":{\"x\":0.0,\"y\":0.0,\"z\":0.0,\"w\":1.0},\"Version\":\"0.0.0\",\"ModuleId\":0}]},{\"Modules\":[{\"ChannelWeights\":{\"x\":0.0,\"y\":0.0,\"z\":0.0,\"w\":1.0},\"Version\":\"0.0.0\",\"ModuleId\":0}]},{\"Modules\":[{\"ChannelWeights\":{\"x\":0.0,\"y\":0.0,\"z\":0.0,\"w\":1.0},\"Version\":\"0.0.0\",\"ModuleId\":0}]},{\"Modules\":[{\"ChannelWeights\":{\"x\":0.0,\"y\":0.0,\"z\":0.0,\"w\":1.0},\"Version\":\"0.0.0\",\"ModuleId\":0}]},{\"Modules\":[{\"ChannelWeights\":{\"x\":0.0,\"y\":0.0,\"z\":0.0,\"w\":1.0},\"Version\":\"0.0.0\",\"ModuleId\":0}]},{\"Modules\":[{\"ChannelWeights\":{\"x\":0.0,\"y\":0.0,\"z\":0.0,\"w\":1.0},\"Version\":\"0.0.0\",\"ModuleId\":0}]},{\"Modules\":[{\"ChannelWeights\":{\"x\":0.0,\"y\":0.0,\"z\":0.0,\"w\":1.0},\"Version\":\"0.0.0\",\"ModuleId\":0}]},{\"Modules\":[{\"ChannelWeights\":{\"x\":0.0,\"y\":0.0,\"z\":0.0,\"w\":1.0},\"Version\":\"0.0.0\",\"ModuleId\":0}]},{\"Modules\":[{\"ChannelWeights\":{\"x\":0.0,\"y\":0.0,\"z\":0.0,\"w\":1.0},\"Version\":\"0.0.0\",\"ModuleId\":0}]},{\"Modules\":[{\"ChannelWeights\":{\"x\":0.0,\"y\":0.0,\"z\":0.0,\"w\":1.0},\"Version\":\"0.0.0\",\"ModuleId\":0}]},{\"Modules\":[{\"ChannelWeights\":{\"x\":0.0,\"y\":0.0,\"z\":0.0,\"w\":1.0},\"Version\":\"0.0.0\",\"ModuleId\":0}]},{\"Modules\":[{\"ChannelWeights\":{\"x\":0.0,\"y\":0.0,\"z\":0.0,\"w\":1.0},\"Version\":\"0.0.0\",\"ModuleId\":0}]},{\"Modules\":[{\"ChannelWeights\":{\"x\":0.0,\"y\":0.0,\"z\":0.0,\"w\":1.0},\"Version\":\"0.0.0\",\"ModuleId\":0}]},{\"Modules\":[{\"ChannelWeights\":{\"x\":0.0,\"y\":0.0,\"z\":0.0,\"w\":1.0},\"Version\":\"0.0.0\",\"ModuleId\":0}]},{\"Modules\":[{\"ChannelWeights\":{\"x\":0.0,\"y\":0.0,\"z\":0.0,\"w\":1.0},\"Version\":\"0.0.0\",\"ModuleId\":0}]},{\"Modules\":[{\"ChannelWeights\":{\"x\":0.0,\"y\":0.0,\"z\":0.0,\"w\":1.0},\"Version\":\"0.0.0\",\"ModuleId\":0}]},{\"Modules\":[{\"ChannelWeights\":{\"x\":0.0,\"y\":0.0,\"z\":0.0,\"w\":1.0},\"Version\":\"0.0.0\",\"ModuleId\":0}]},{\"Modules\":[{\"ChannelWeights\":{\"x\":0.0,\"y\":0.0,\"z\":0.0,\"w\":1.0},\"Version\":\"0.0.0\",\"ModuleId\":0}]},{\"Modules\":[{\"ChannelWeights\":{\"x\":0.0,\"y\":0.0,\"z\":0.0,\"w\":1.0},\"Version\":\"0.0.0\",\"ModuleId\":0}]},{\"Modules\":[{\"ChannelWeights\":{\"x\":0.0,\"y\":0.0,\"z\":0.0,\"w\":1.0},\"Version\":\"0.0.0\",\"ModuleId\":0}]},{\"Modules\":[{\"ChannelWeights\":{\"x\":0.0,\"y\":0.0,\"z\":0.0,\"w\":1.0},\"Version\":\"0.0.0\",\"ModuleId\":0}]},{\"Modules\":[{\"ChannelWeights\":{\"x\":0.0,\"y\":0.0,\"z\":0.0,\"w\":1.0},\"Version\":\"0.0.0\",\"ModuleId\":0}]},{\"Modules\":[{\"ChannelWeights\":{\"x\":0.0,\"y\":0.0,\"z\":0.0,\"w\":1.0},\"Version\":\"0.0.0\",\"ModuleId\":0}]},{\"Modules\":[{\"ChannelWeights\":{\"x\":0.0,\"y\":0.0,\"z\":0.0,\"w\":1.0},\"Version\":\"0.0.0\",\"ModuleId\":0}]},{\"Modules\":[{\"ChannelWeights\":{\"x\":0.0,\"y\":0.0,\"z\":0.0,\"w\":1.0},\"Version\":\"0.0.0\",\"ModuleId\":0}]},{\"Modules\":[{\"ChannelWeights\":{\"x\":0.0,\"y\":0.0,\"z\":0.0,\"w\":1.0},\"Version\":\"0.0.0\",\"ModuleId\":0}]},{\"Modules\":[{\"ChannelWeights\":{\"x\":0.0,\"y\":0.0,\"z\":0.0,\"w\":1.0},\"Version\":\"0.0.0\",\"ModuleId\":0}]},{\"Modules\":[{\"ChannelWeights\":{\"x\":0.0,\"y\":0.0,\"z\":0.0,\"w\":1.0},\"Version\":\"0.0.0\",\"ModuleId\":0}]},{\"Modules\":[{\"ChannelWeights\":{\"x\":0.0,\"y\":0.0,\"z\":0.0,\"w\":1.0},\"Version\":\"0.0.0\",\"ModuleId\":0}]},{\"Modules\":[{\"ChannelWeights\":{\"x\":0.0,\"y\":0.0,\"z\":0.0,\"w\":1.0},\"Version\":\"0.0.0\",\"ModuleId\":0}]},{\"Modules\":[{\"ChannelWeights\":{\"x\":0.0,\"y\":0.0,\"z\":0.0,\"w\":1.0},\"Version\":\"0.0.0\",\"ModuleId\":0}]},{\"Modules\":[{\"ChannelWeights\":{\"x\":0.0,\"y\":0.0,\"z\":0.0,\"w\":1.0},\"Version\":\"0.0.0\",\"ModuleId\":0}]},{\"Modules\":[{\"ChannelWeights\":{\"x\":0.0,\"y\":0.0,\"z\":0.0,\"w\":1.0},\"Version\":\"0.0.0\",\"ModuleId\":0}]},{\"Modules\":[{\"ChannelWeights\":{\"x\":0.0,\"y\":0.0,\"z\":0.0,\"w\":1.0},\"Version\":\"0.0.0\",\"ModuleId\":0}]},{\"Modules\":[{\"ChannelWeights\":{\"x\":0.0,\"y\":0.0,\"z\":0.0,\"w\":1.0},\"Version\":\"0.0.0\",\"ModuleId\":0}]},{\"Modules\":[{\"ChannelWeights\":{\"x\":0.0,\"y\":0.0,\"z\":0.0,\"w\":1.0},\"Version\":\"0.0.0\",\"ModuleId\":0}]},{\"Modules\":[{\"ChannelWeights\":{\"x\":0.0,\"y\":0.0,\"z\":0.0,\"w\":1.0},\"Version\":\"0.0.0\",\"ModuleId\":0}]},{\"Modules\":[{\"ChannelWeights\":{\"x\":0.0,\"y\":0.0,\"z\":0.0,\"w\":1.0},\"Version\":\"0.0.0\",\"ModuleId\":0}]},{\"Modules\":[{\"ChannelWeights\":{\"x\":0.0,\"y\":0.0,\"z\":0.0,\"w\":1.0},\"Version\":\"0.0.0\",\"ModuleId\":0}]},{\"Modules\":[{\"ChannelWeights\":{\"x\":0.0,\"y\":0.0,\"z\":0.0,\"w\":1.0},\"Version\":\"0.0.0\",\"ModuleId\":0}]},{\"Modules\":[{\"ChannelWeights\":{\"x\":0.0,\"y\":0.0,\"z\":0.0,\"w\":1.0},\"Version\":\"0.0.0\",\"ModuleId\":0}]},{\"Modules\":[{\"ChannelWeights\":{\"x\":0.0,\"y\":0.0,\"z\":0.0,\"w\":1.0},\"Version\":\"0.0.0\",\"ModuleId\":0}]},{\"Modules\":[{\"ChannelWeights\":{\"x\":0.0,\"y\":0.0,\"z\":0.0,\"w\":1.0},\"Version\":\"0.0.0\",\"ModuleId\":0}]},{\"Modules\":[{\"ChannelWeights\":{\"x\":0.0,\"y\":0.0,\"z\":0.0,\"w\":1.0},\"Version\":\"0.0.0\",\"ModuleId\":0}]},{\"Modules\":[{\"ChannelWeights\":{\"x\":0.0,\"y\":0.0,\"z\":0.0,\"w\":1.0},\"Version\":\"0.0.0\",\"ModuleId\":0}]},{\"Modules\":[{\"ChannelWeights\":{\"x\":0.0,\"y\":0.0,\"z\":0.0,\"w\":1.0},\"Version\":\"0.0.0\",\"ModuleId\":0}]},{\"Modules\":[{\"ChannelWeights\":{\"x\":0.0,\"y\":0.0,\"z\":0.0,\"w\":1.0},\"Version\":\"0.0.0\",\"ModuleId\":0}]},{\"Modules\":[{\"ChannelWeights\":{\"x\":0.0,\"y\":0.0,\"z\":0.0,\"w\":1.0},\"Version\":\"0.0.0\",\"ModuleId\":0}]},{\"Modules\":[{\"ChannelWeights\":{\"x\":0.0,\"y\":0.0,\"z\":0.0,\"w\":1.0},\"Version\":\"0.0.0\",\"ModuleId\":0}]},{\"Modules\":[{\"ChannelWeights\":{\"x\":0.0,\"y\":0.0,\"z\":0.0,\"w\":1.0},\"Version\":\"0.0.0\",\"ModuleId\":0}]},{\"Modules\":[{\"ChannelWeights\":{\"x\":0.0,\"y\":0.0,\"z\":0.0,\"w\":1.0},\"Version\":\"0.0.0\",\"ModuleId\":0}]},{\"Modules\":[{\"ChannelWeights\":{\"x\":0.0,\"y\":0.0,\"z\":0.0,\"w\":1.0},\"Version\":\"0.0.0\",\"ModuleId\":0}]},{\"Modules\":[{\"ChannelWeights\":{\"x\":0.0,\"y\":0.0,\"z\":0.0,\"w\":1.0},\"Version\":\"0.0.0\",\"ModuleId\":0}]},{\"Modules\":[{\"ChannelWeights\":{\"x\":0.0,\"y\":0.0,\"z\":0.0,\"w\":1.0},\"Version\":\"0.0.0\",\"ModuleId\":0}]},{\"Modules\":[{\"ChannelWeights\":{\"x\":0.0,\"y\":0.0,\"z\":0.0,\"w\":1.0},\"Version\":\"0.0.0\",\"ModuleId\":0}]},{\"Modules\":[{\"ChannelWeights\":{\"x\":0.0,\"y\":0.0,\"z\":0.0,\"w\":1.0},\"Version\":\"0.0.0\",\"ModuleId\":0}]},{\"Modules\":[{\"ChannelWeights\":{\"x\":0.0,\"y\":0.0,\"z\":0.0,\"w\":1.0},\"Version\":\"0.0.0\",\"ModuleId\":0}]},{\"Modules\":[{\"ChannelWeights\":{\"x\":0.0,\"y\":0.0,\"z\":0.0,\"w\":1.0},\"Version\":\"0.0.0\",\"ModuleId\":0}]},{\"Modules\":[{\"ChannelWeights\":{\"x\":0.0,\"y\":0.0,\"z\":0.0,\"w\":1.0},\"Version\":\"0.0.0\",\"ModuleId\":0}]},{\"Modules\":[{\"ChannelWeights\":{\"x\":0.0,\"y\":0.0,\"z\":0.0,\"w\":1.0},\"Version\":\"0.0.0\",\"ModuleId\":0}]},{\"Modules\":[{\"ChannelWeights\":{\"x\":0.0,\"y\":0.0,\"z\":0.0,\"w\":1.0},\"Version\":\"0.0.0\",\"ModuleId\":0}]},{\"Modules\":[{\"ChannelWeights\":{\"x\":0.0,\"y\":0.0,\"z\":0.0,\"w\":1.0},\"Version\":\"0.0.0\",\"ModuleId\":0}]},{\"Modules\":[{\"ChannelWeights\":{\"x\":0.0,\"y\":0.0,\"z\":0.0,\"w\":1.0},\"Version\":\"0.0.0\",\"ModuleId\":0}]},{\"Modules\":[{\"ChannelWeights\":{\"x\":0.0,\"y\":0.0,\"z\":0.0,\"w\":1.0},\"Version\":\"0.0.0\",\"ModuleId\":0}]},{\"Modules\":[{\"ChannelWeights\":{\"x\":0.0,\"y\":0.0,\"z\":0.0,\"w\":1.0},\"Version\":\"0.0.0\",\"ModuleId\":0}]},{\"Modules\":[{\"ChannelWeights\":{\"x\":0.0,\"y\":0.0,\"z\":0.0,\"w\":1.0},\"Version\":\"0.0.0\",\"ModuleId\":0}]},{\"Modules\":[{\"ChannelWeights\":{\"x\":0.0,\"y\":0.0,\"z\":0.0,\"w\":1.0},\"Version\":\"0.0.0\",\"ModuleId\":0}]},{\"Modules\":[{\"ChannelWeights\":{\"x\":0.0,\"y\":0.0,\"z\":0.0,\"w\":1.0},\"Version\":\"0.0.0\",\"ModuleId\":0}]},{\"Modules\":[{\"ChannelWeights\":{\"x\":0.0,\"y\":0.0,\"z\":0.0,\"w\":1.0},\"Version\":\"0.0.0\",\"ModuleId\":0}]},{\"Modules\":[{\"ChannelWeights\":{\"x\":0.0,\"y\":0.0,\"z\":0.0,\"w\":1.0},\"Version\":\"0.0.0\",\"ModuleId\":0}]},{\"Modules\":[{\"ChannelWeights\":{\"x\":0.0,\"y\":0.0,\"z\":0.0,\"w\":1.0},\"Version\":\"0.0.0\",\"ModuleId\":0}]},{\"Modules\":[{\"ChannelWeights\":{\"x\":0.0,\"y\":0.0,\"z\":0.0,\"w\":1.0},\"Version\":\"0.0.0\",\"ModuleId\":0}]},{\"Modules\":[{\"ChannelWeights\":{\"x\":0.0,\"y\":0.0,\"z\":0.0,\"w\":1.0},\"Version\":\"0.0.0\",\"ModuleId\":0}]},{\"Modules\":[{\"ChannelWeights\":{\"x\":0.0,\"y\":0.0,\"z\":0.0,\"w\":1.0},\"Version\":\"0.0.0\",\"ModuleId\":0}]},{\"Modules\":[{\"ChannelWeights\":{\"x\":0.0,\"y\":0.0,\"z\":0.0,\"w\":1.0},\"Version\":\"0.0.0\",\"ModuleId\":0}]},{\"Modules\":[{\"ChannelWeights\":{\"x\":0.0,\"y\":0.0,\"z\":0.0,\"w\":1.0},\"Version\":\"0.0.0\",\"ModuleId\":0}]},{\"Modules\":[{\"ChannelWeights\":{\"x\":0.0,\"y\":0.0,\"z\":0.0,\"w\":1.0},\"Version\":\"0.0.0\",\"ModuleId\":0}]},{\"Modules\":[{\"ChannelWeights\":{\"x\":0.0,\"y\":0.0,\"z\":0.0,\"w\":1.0},\"Version\":\"0.0.0\",\"ModuleId\":0}]},{\"Modules\":[{\"ChannelWeights\":{\"x\":0.0,\"y\":0.0,\"z\":0.0,\"w\":1.0},\"Version\":\"0.0.0\",\"ModuleId\":0}]},{\"Modules\":[{\"ChannelWeights\":{\"x\":0.0,\"y\":0.0,\"z\":0.0,\"w\":1.0},\"Version\":\"0.0.0\",\"ModuleId\":0}]},{\"Modules\":[{\"ChannelWeights\":{\"x\":0.0,\"y\":0.0,\"z\":0.0,\"w\":1.0},\"Version\":\"0.0.0\",\"ModuleId\":0}]},{\"Modules\":[{\"ChannelWeights\":{\"x\":0.0,\"y\":0.0,\"z\":0.0,\"w\":1.0},\"Version\":\"0.0.0\",\"ModuleId\":0}]},{\"Modules\":[{\"ChannelWeights\":{\"x\":0.0,\"y\":0.0,\"z\":0.0,\"w\":1.0},\"Version\":\"0.0.0\",\"ModuleId\":0}]},{\"Modules\":[{\"ChannelWeights\":{\"x\":0.0,\"y\":0.0,\"z\":0.0,\"w\":1.0},\"Version\":\"0.0.0\",\"ModuleId\":0}]},{\"Modules\":[{\"ChannelWeights\":{\"x\":0.0,\"y\":0.0,\"z\":0.0,\"w\":1.0},\"Version\":\"0.0.0\",\"ModuleId\":0}]},{\"Modules\":[{\"ChannelWeights\":{\"x\":0.0,\"y\":0.0,\"z\":0.0,\"w\":1.0},\"Version\":\"0.0.0\",\"ModuleId\":0}]},{\"Modules\":[{\"ChannelWeights\":{\"x\":0.0,\"y\":0.0,\"z\":0.0,\"w\":1.0},\"Version\":\"0.0.0\",\"ModuleId\":0}]},{\"Modules\":[{\"ChannelWeights\":{\"x\":0.0,\"y\":0.0,\"z\":0.0,\"w\":1.0},\"Version\":\"0.0.0\",\"ModuleId\":0}]},{\"Modules\":[{\"ChannelWeights\":{\"x\":0.0,\"y\":0.0,\"z\":0.0,\"w\":1.0},\"Version\":\"0.0.0\",\"ModuleId\":0}]},{\"Modules\":[{\"ChannelWeights\":{\"x\":0.0,\"y\":0.0,\"z\":0.0,\"w\":1.0},\"Version\":\"0.0.0\",\"ModuleId\":0}]},{\"Modules\":[{\"ChannelWeights\":{\"x\":0.0,\"y\":0.0,\"z\":0.0,\"w\":1.0},\"Version\":\"0.0.0\",\"ModuleId\":0}]},{\"Modules\":[{\"ChannelWeights\":{\"x\":0.0,\"y\":0.0,\"z\":0.0,\"w\":1.0},\"Version\":\"0.0.0\",\"ModuleId\":0}]},{\"Modules\":[{\"ChannelWeights\":{\"x\":0.0,\"y\":0.0,\"z\":0.0,\"w\":1.0},\"Version\":\"0.0.0\",\"ModuleId\":0}]},{\"Modules\":[{\"ChannelWeights\":{\"x\":0.0,\"y\":0.0,\"z\":0.0,\"w\":1.0},\"Version\":\"0.0.0\",\"ModuleId\":0}]},{\"Modules\":[{\"ChannelWeights\":{\"x\":0.0,\"y\":0.0,\"z\":0.0,\"w\":1.0},\"Version\":\"0.0.0\",\"ModuleId\":0}]},{\"Modules\":[{\"ChannelWeights\":{\"x\":0.0,\"y\":0.0,\"z\":0.0,\"w\":1.0},\"Version\":\"0.0.0\",\"ModuleId\":0}]},{\"Modules\":[{\"ChannelWeights\":{\"x\":0.0,\"y\":0.0,\"z\":0.0,\"w\":1.0},\"Version\":\"0.0.0\",\"ModuleId\":0}]},{\"Modules\":[{\"ChannelWeights\":{\"x\":0.0,\"y\":0.0,\"z\":0.0,\"w\":1.0},\"Version\":\"0.0.0\",\"ModuleId\":0}]},{\"Modules\":[{\"ChannelWeights\":{\"x\":0.0,\"y\":0.0,\"z\":0.0,\"w\":1.0},\"Version\":\"0.0.0\",\"ModuleId\":0}]},{\"Modules\":[{\"ChannelWeights\":{\"x\":0.0,\"y\":0.0,\"z\":0.0,\"w\":1.0},\"Version\":\"0.0.0\",\"ModuleId\":0}]},{\"Modules\":[{\"ChannelWeights\":{\"x\":0.0,\"y\":0.0,\"z\":0.0,\"w\":1.0},\"Version\":\"0.0.0\",\"ModuleId\":0}]},{\"Modules\":[{\"ChannelWeights\":{\"x\":0.0,\"y\":0.0,\"z\":0.0,\"w\":1.0},\"Version\":\"0.0.0\",\"ModuleId\":0}]},{\"Modules\":[{\"ChannelWeights\":{\"x\":0.0,\"y\":0.0,\"z\":0.0,\"w\":1.0},\"Version\":\"0.0.0\",\"ModuleId\":0}]},{\"Modules\":[{\"ChannelWeights\":{\"x\":0.0,\"y\":0.0,\"z\":0.0,\"w\":1.0},\"Version\":\"0.0.0\",\"ModuleId\":0}]},{\"Modules\":[{\"ChannelWeights\":{\"x\":0.0,\"y\":0.0,\"z\":0.0,\"w\":1.0},\"Version\":\"0.0.0\",\"ModuleId\":0}]},{\"Modules\":[{\"ChannelWeights\":{\"x\":0.0,\"y\":0.0,\"z\":0.0,\"w\":1.0},\"Version\":\"0.0.0\",\"ModuleId\":0}]},{\"Modules\":[{\"ChannelWeights\":{\"x\":0.0,\"y\":0.0,\"z\":0.0,\"w\":1.0},\"Version\":\"0.0.0\",\"ModuleId\":0}]},{\"Modules\":[{\"ChannelWeights\":{\"x\":0.0,\"y\":0.0,\"z\":0.0,\"w\":1.0},\"Version\":\"0.0.0\",\"ModuleId\":0}]},{\"Modules\":[{\"ChannelWeights\":{\"x\":0.0,\"y\":0.0,\"z\":0.0,\"w\":1.0},\"Version\":\"0.0.0\",\"ModuleId\":0}]},{\"Modules\":[{\"ChannelWeights\":{\"x\":0.0,\"y\":0.0,\"z\":0.0,\"w\":1.0},\"Version\":\"0.0.0\",\"ModuleId\":0}]},{\"Modules\":[{\"ChannelWeights\":{\"x\":0.0,\"y\":0.0,\"z\":0.0,\"w\":1.0},\"Version\":\"0.0.0\",\"ModuleId\":0}]},{\"Modules\":[{\"ChannelWeights\":{\"x\":0.0,\"y\":0.0,\"z\":0.0,\"w\":1.0},\"Version\":\"0.0.0\",\"ModuleId\":0}]},{\"Modules\":[{\"ChannelWeights\":{\"x\":0.0,\"y\":0.0,\"z\":0.0,\"w\":1.0},\"Version\":\"0.0.0\",\"ModuleId\":0}]},{\"Modules\":[{\"ChannelWeights\":{\"x\":0.0,\"y\":0.0,\"z\":0.0,\"w\":1.0},\"Version\":\"0.0.0\",\"ModuleId\":0}]},{\"Modules\":[{\"ChannelWeights\":{\"x\":0.0,\"y\":0.0,\"z\":0.0,\"w\":1.0},\"Version\":\"0.0.0\",\"ModuleId\":0}]},{\"Modules\":[{\"ChannelWeights\":{\"x\":0.0,\"y\":0.0,\"z\":0.0,\"w\":1.0},\"Version\":\"0.0.0\",\"ModuleId\":0}]},{\"Modules\":[{\"ChannelWeights\":{\"x\":0.0,\"y\":0.0,\"z\":0.0,\"w\":1.0},\"Version\":\"0.0.0\",\"ModuleId\":0}]},{\"Modules\":[{\"ChannelWeights\":{\"x\":0.0,\"y\":0.0,\"z\":0.0,\"w\":1.0},\"Version\":\"0.0.0\",\"ModuleId\":0}]},{\"Modules\":[{\"ChannelWeights\":{\"x\":0.0,\"y\":0.0,\"z\":0.0,\"w\":1.0},\"Version\":\"0.0.0\",\"ModuleId\":0}]},{\"Modules\":[{\"ChannelWeights\":{\"x\":0.0,\"y\":0.0,\"z\":0.0,\"w\":1.0},\"Version\":\"0.0.0\",\"ModuleId\":0}]},{\"Modules\":[{\"ChannelWeights\":{\"x\":0.0,\"y\":0.0,\"z\":0.0,\"w\":1.0},\"Version\":\"0.0.0\",\"ModuleId\":0}]},{\"Modules\":[{\"ChannelWeights\":{\"x\":0.0,\"y\":0.0,\"z\":0.0,\"w\":1.0},\"Version\":\"0.0.0\",\"ModuleId\":0}]},{\"Modules\":[{\"ChannelWeights\":{\"x\":0.0,\"y\":0.0,\"z\":0.0,\"w\":1.0},\"Version\":\"0.0.0\",\"ModuleId\":0}]},{\"Modules\":[{\"ChannelWeights\":{\"x\":0.0,\"y\":0.0,\"z\":0.0,\"w\":1.0},\"Version\":\"0.0.0\",\"ModuleId\":0}]},{\"Modules\":[{\"ChannelWeights\":{\"x\":0.0,\"y\":0.0,\"z\":0.0,\"w\":1.0},\"Version\":\"0.0.0\",\"ModuleId\":0}]},{\"Modules\":[{\"ChannelWeights\":{\"x\":0.0,\"y\":0.0,\"z\":0.0,\"w\":1.0},\"Version\":\"0.0.0\",\"ModuleId\":0}]},{\"Modules\":[{\"ChannelWeights\":{\"x\":0.0,\"y\":0.0,\"z\":0.0,\"w\":1.0},\"Version\":\"0.0.0\",\"ModuleId\":0}]},{\"Modules\":[{\"ChannelWeights\":{\"x\":0.0,\"y\":0.0,\"z\":0.0,\"w\":1.0},\"Version\":\"0.0.0\",\"ModuleId\":0}]},{\"Modules\":[{\"ChannelWeights\":{\"x\":0.0,\"y\":0.0,\"z\":0.0,\"w\":1.0},\"Version\":\"0.0.0\",\"ModuleId\":0}]},{\"Modules\":[{\"ChannelWeights\":{\"x\":0.0,\"y\":0.0,\"z\":0.0,\"w\":1.0},\"Version\":\"0.0.0\",\"ModuleId\":0}]},{\"Modules\":[{\"ChannelWeights\":{\"x\":0.0,\"y\":0.0,\"z\":0.0,\"w\":1.0},\"Version\":\"0.0.0\",\"ModuleId\":0}]},{\"Modules\":[{\"ChannelWeights\":{\"x\":0.0,\"y\":0.0,\"z\":0.0,\"w\":1.0},\"Version\":\"0.0.0\",\"ModuleId\":0}]},{\"Modules\":[{\"ChannelWeights\":{\"x\":0.0,\"y\":0.0,\"z\":0.0,\"w\":1.0},\"Version\":\"0.0.0\",\"ModuleId\":0}]},{\"Modules\":[{\"ChannelWeights\":{\"x\":0.0,\"y\":0.0,\"z\":0.0,\"w\":1.0},\"Version\":\"0.0.0\",\"ModuleId\":0}]},{\"Modules\":[{\"ChannelWeights\":{\"x\":0.0,\"y\":0.0,\"z\":0.0,\"w\":1.0},\"Version\":\"0.0.0\",\"ModuleId\":0}]},{\"Modules\":[{\"ChannelWeights\":{\"x\":0.0,\"y\":0.0,\"z\":0.0,\"w\":1.0},\"Version\":\"0.0.0\",\"ModuleId\":0}]},{\"Modules\":[{\"ChannelWeights\":{\"x\":0.0,\"y\":0.0,\"z\":0.0,\"w\":1.0},\"Version\":\"0.0.0\",\"ModuleId\":0}]},{\"Modules\":[{\"ChannelWeights\":{\"x\":0.0,\"y\":0.0,\"z\":0.0,\"w\":1.0},\"Version\":\"0.0.0\",\"ModuleId\":0}]},{\"Modules\":[{\"ChannelWeights\":{\"x\":0.0,\"y\":0.0,\"z\":0.0,\"w\":1.0},\"Version\":\"0.0.0\",\"ModuleId\":0}]},{\"Modules\":[{\"ChannelWeights\":{\"x\":0.0,\"y\":0.0,\"z\":0.0,\"w\":1.0},\"Version\":\"0.0.0\",\"ModuleId\":0}]}]}]}]},{\"Id\":53,\"Pos\":{\"x\":-976.590759,\"y\":88.9536,\"z\":819.5473},\"Rot\":{\"x\":0.0211703181,\"y\":0.681998551,\"z\":-0.0197571423,\"w\":0.730780065},\"Storages\":[]},{\"Id\":53,\"Pos\":{\"x\":-976.7371,\"y\":88.9154,\"z\":817.3489},\"Rot\":{\"x\":0.06402203,\"y\":0.7588659,\"z\":-0.07547846,\"w\":0.6436822},\"Storages\":[]},{\"Id\":53,\"Pos\":{\"x\":-963.9101,\"y\":89.33817,\"z\":825.9153},\"Rot\":{\"x\":-0.0140657,\"y\":0.8824865,\"z\":-0.0264449045,\"w\":-0.469383},\"Storages\":[]},{\"Id\":53,\"Pos\":{\"x\":-964.9556,\"y\":89.36588,\"z\":827.8737},\"Rot\":{\"x\":0.03224247,\"y\":-0.8320956,\"z\":0.048642274,\"w\":0.551553547},\"Storages\":[]},{\"Id\":53,\"Pos\":{\"x\":-963.253235,\"y\":90.06458,\"z\":826.1632},\"Rot\":{\"x\":5.81394382E-08,\"y\":0.5529021,\"z\":-3.857853E-08,\"w\":0.833246231},\"Storages\":[]},{\"Id\":53,\"Pos\":{\"x\":-967.203064,\"y\":89.2988,\"z\":821.8261},\"Rot\":{\"x\":-1.25802468E-09,\"y\":0.737454534,\"z\":1.37361633E-09,\"w\":0.67539674},\"Storages\":[]},{\"Id\":53,\"Pos\":{\"x\":-971.1977,\"y\":88.97378,\"z\":809.0058},\"Rot\":{\"x\":0.0,\"y\":0.730708,\"z\":0.0,\"w\":0.682690144},\"Storages\":[]},{\"Id\":53,\"Pos\":{\"x\":-962.0348,\"y\":88.44299,\"z\":818.67334},\"Rot\":{\"x\":-1.92878353E-08,\"y\":-0.5053348,\"z\":-1.129511E-08,\"w\":0.8629234},\"Storages\":[]},{\"Id\":53,\"Pos\":{\"x\":-973.827454,\"y\":90.12994,\"z\":831.546265},\"Rot\":{\"x\":-1.372572E-09,\"y\":-0.676008344,\"z\":-1.25916366E-09,\"w\":0.736893952},\"Storages\":[]},{\"Id\":53,\"Pos\":{\"x\":-969.631958,\"y\":92.14631,\"z\":822.399231},\"Rot\":{\"x\":0.124433033,\"y\":0.0434644781,\"z\":-0.0054561,\"w\":0.9912606},\"Storages\":[]},{\"Id\":55,\"Pos\":{\"x\":-949.0735,\"y\":91.89337,\"z\":812.043945},\"Rot\":{\"x\":-0.0202516858,\"y\":-0.565358162,\"z\":-0.0138868829,\"w\":0.824479938},\"Storages\":[]},{\"Id\":54,\"Pos\":{\"x\":-621.418762,\"y\":198.564255,\"z\":-1046.49536},\"Rot\":{\"x\":0.0,\"y\":0.0,\"z\":0.0,\"w\":1.0},\"Storages\":[]},{\"Id\":54,\"Pos\":{\"x\":-614.9678,\"y\":198.745682,\"z\":-1041.52051},\"Rot\":{\"x\":0.0,\"y\":0.0,\"z\":0.0,\"w\":1.0},\"Storages\":[]},{\"Id\":53,\"Pos\":{\"x\":-604.4054,\"y\":196.9546,\"z\":-1039.01367},\"Rot\":{\"x\":0.130306691,\"y\":-0.4449952,\"z\":0.06562693,\"w\":0.8835681},\"Storages\":[]},{\"Id\":54,\"Pos\":{\"x\":-632.755,\"y\":198.444138,\"z\":-1046.182},\"Rot\":{\"x\":0.130306691,\"y\":-0.4449952,\"z\":0.06562693,\"w\":0.8835681},\"Storages\":[]},{\"Id\":22,\"Pos\":{\"x\":-760.676147,\"y\":284.124756,\"z\":-515.651},\"Rot\":{\"x\":0.0,\"y\":0.99999845,\"z\":0.0,\"w\":-0.00177286775},\"Storages\":[]},{\"Id\":53,\"Pos\":{\"x\":-761.840332,\"y\":285.142242,\"z\":-519.016663},\"Rot\":{\"x\":0.06732823,\"y\":-0.7225813,\"z\":0.07109301,\"w\":0.684316456},\"Storages\":[]},{\"Id\":53,\"Pos\":{\"x\":-761.943848,\"y\":285.1303,\"z\":-517.047363},\"Rot\":{\"x\":0.0797777,\"y\":-0.721168041,\"z\":0.08423888,\"w\":0.6829759},\"Storages\":[]},{\"Id\":55,\"Pos\":{\"x\":-800.132141,\"y\":276.342529,\"z\":-516.5218},\"Rot\":{\"x\":0.09839664,\"y\":-0.7708858,\"z\":0.122895636,\"w\":0.6172113},\"Storages\":[]},{\"Id\":55,\"Pos\":{\"x\":-796.428955,\"y\":271.4403,\"z\":-519.716553},\"Rot\":{\"x\":0.166375652,\"y\":-0.4942411,\"z\":0.09700056,\"w\":0.8477239},\"Storages\":[]},{\"Id\":55,\"Pos\":{\"x\":-842.6306,\"y\":252.080536,\"z\":-489.10437},\"Rot\":{\"x\":0.01890485,\"y\":0.9782038,\"z\":0.179191127,\"w\":-0.103201509},\"Storages\":[]},{\"Id\":53,\"Pos\":{\"x\":-484.55777,\"y\":149.032791,\"z\":-13.53572},\"Rot\":{\"x\":-0.0287936572,\"y\":0.570987761,\"z\":0.02004469,\"w\":0.8202086},\"Storages\":[]},{\"Id\":53,\"Pos\":{\"x\":-485.4634,\"y\":148.7346,\"z\":-8.083085},\"Rot\":{\"x\":-0.1313224,\"y\":0.727392554,\"z\":0.145239383,\"w\":0.657693},\"Storages\":[]},{\"Id\":53,\"Pos\":{\"x\":-490.624847,\"y\":149.053192,\"z\":3.27853251},\"Rot\":{\"x\":0.15016599,\"y\":0.288055867,\"z\":-0.0457903631,\"w\":0.9446572},\"Storages\":[]},{\"Id\":53,\"Pos\":{\"x\":-575.859253,\"y\":138.644821,\"z\":-71.0651245},\"Rot\":{\"x\":0.0,\"y\":-0.706106246,\"z\":0.0,\"w\":0.7081059},\"Storages\":[]},{\"Id\":53,\"Pos\":{\"x\":-558.5478,\"y\":137.042526,\"z\":-103.708084},\"Rot\":{\"x\":-0.001617325,\"y\":0.992670238,\"z\":0.0133675383,\"w\":0.120102182},\"Storages\":[]},{\"Id\":53,\"Pos\":{\"x\":-551.7989,\"y\":136.4185,\"z\":-102.861862},\"Rot\":{\"x\":-0.009375653,\"y\":0.9898801,\"z\":0.0789609,\"w\":0.1175363},\"Storages\":[]},{\"Id\":53,\"Pos\":{\"x\":-544.7558,\"y\":135.293991,\"z\":-101.3967},\"Rot\":{\"x\":-0.07187194,\"y\":-0.45057866,\"z\":-0.0364235826,\"w\":0.889093161},\"Storages\":[]},{\"Id\":53,\"Pos\":{\"x\":-466.163574,\"y\":137.656357,\"z\":-55.84415},\"Rot\":{\"x\":-0.11090605,\"y\":0.03892247,\"z\":0.004346909,\"w\":0.9930589},\"Storages\":[]},{\"Id\":53,\"Pos\":{\"x\":-459.231476,\"y\":137.454041,\"z\":-52.319767},\"Rot\":{\"x\":0.00419682125,\"y\":0.9773999,\"z\":-0.0194908287,\"w\":0.210456535},\"Storages\":[]},{\"Id\":53,\"Pos\":{\"x\":-451.659729,\"y\":138.477249,\"z\":-57.2297859},\"Rot\":{\"x\":0.08078203,\"y\":-0.0285440963,\"z\":0.0023143664,\"w\":0.9963203},\"Storages\":[]},{\"Id\":53,\"Pos\":{\"x\":-443.7795,\"y\":136.776764,\"z\":-61.8119659},\"Rot\":{\"x\":0.0262804218,\"y\":0.170925438,\"z\":-0.00456075557,\"w\":0.9849229},\"Storages\":[]},{\"Id\":53,\"Pos\":{\"x\":-432.0741,\"y\":136.959549,\"z\":-77.9116745},\"Rot\":{\"x\":0.0361636,\"y\":-0.3282799,\"z\":0.0125786494,\"w\":0.9438042},\"Storages\":[]},{\"Id\":53,\"Pos\":{\"x\":-447.959961,\"y\":136.303833,\"z\":-26.7115211},\"Rot\":{\"x\":0.0,\"y\":-0.350668371,\"z\":0.0,\"w\":0.9364997},\"Storages\":[]},{\"Id\":53,\"Pos\":{\"x\":-440.5207,\"y\":137.022232,\"z\":-29.90702},\"Rot\":{\"x\":-0.116352521,\"y\":-0.391230583,\"z\":-0.0499381423,\"w\":0.911541},\"Storages\":[]},{\"Id\":53,\"Pos\":{\"x\":-446.7789,\"y\":135.898773,\"z\":-16.9961662},\"Rot\":{\"x\":0.03187707,\"y\":0.886554658,\"z\":-0.0617898,\"w\":0.457369447},\"Storages\":[]},{\"Id\":53,\"Pos\":{\"x\":-438.382141,\"y\":135.516739,\"z\":-7.04622},\"Rot\":{\"x\":0.0,\"y\":-0.786420465,\"z\":0.0,\"w\":0.6176916},\"Storages\":[]},{\"Id\":53,\"Pos\":{\"x\":-428.734924,\"y\":135.3087,\"z\":-4.04192972},\"Rot\":{\"x\":0.0,\"y\":0.915684044,\"z\":0.0,\"w\":-0.40189895},\"Storages\":[]},{\"Id\":53,\"Pos\":{\"x\":-432.089722,\"y\":135.867661,\"z\":-25.5932331},\"Rot\":{\"x\":0.006223604,\"y\":-0.2735814,\"z\":0.00177023723,\"w\":0.9618271},\"Storages\":[]},{\"Id\":53,\"Pos\":{\"x\":-468.168121,\"y\":138.336334,\"z\":-51.39261},\"Rot\":{\"x\":0.0010299423,\"y\":0.9710678,\"z\":0.00418881839,\"w\":-0.238765121},\"Storages\":[]},{\"Id\":55,\"Pos\":{\"x\":-536.956665,\"y\":139.477875,\"z\":418.7709},\"Rot\":{\"x\":0.01090918,\"y\":0.9648158,\"z\":0.259551674,\"w\":-0.04055204},\"Storages\":[]},{\"Id\":53,\"Pos\":{\"x\":-444.948822,\"y\":17.9226665,\"z\":1502.73889},\"Rot\":{\"x\":0.004964085,\"y\":0.4046802,\"z\":-0.00219682232,\"w\":0.9144422},\"Storages\":[]},{\"Id\":53,\"Pos\":{\"x\":-441.0358,\"y\":17.582365,\"z\":1504.86768},\"Rot\":{\"x\":-0.07307632,\"y\":-0.797005832,\"z\":-0.0984836146,\"w\":0.5913903},\"Storages\":[]},{\"Id\":53,\"Pos\":{\"x\":-973.7434,\"y\":99.50141,\"z\":824.618},\"Rot\":{\"x\":0.0,\"y\":0.737537444,\"z\":0.0,\"w\":0.6753063},\"Storages\":[]},{\"Id\":53,\"Pos\":{\"x\":-972.038452,\"y\":100.335892,\"z\":822.603333},\"Rot\":{\"x\":-2.97733926E-08,\"y\":0.04404806,\"z\":1.31273448E-09,\"w\":0.999029458},\"Storages\":[]},{\"Id\":53,\"Pos\":{\"x\":-973.5562,\"y\":99.5452,\"z\":826.8821},\"Rot\":{\"x\":1.25916355E-09,\"y\":0.736894,\"z\":-1.37257206E-09,\"w\":0.6760083},\"Storages\":[]},{\"Id\":53,\"Pos\":{\"x\":-969.8032,\"y\":100.231247,\"z\":822.406738},\"Rot\":{\"x\":-2.97747444E-08,\"y\":0.0430096239,\"z\":1.28178668E-09,\"w\":0.9990747},\"Storages\":[]},{\"Id\":53,\"Pos\":{\"x\":-967.668,\"y\":99.70589,\"z\":824.13385},\"Rot\":{\"x\":-1.372572E-09,\"y\":-0.676008344,\"z\":-1.25916366E-09,\"w\":0.736893952},\"Storages\":[]},{\"Id\":53,\"Pos\":{\"x\":-967.4738,\"y\":99.71844,\"z\":826.3605},\"Rot\":{\"x\":0.0,\"y\":-0.676407,\"z\":0.0,\"w\":0.7365281},\"Storages\":[]},{\"Id\":54,\"Pos\":{\"x\":-970.457764,\"y\":101.280975,\"z\":825.5127},\"Rot\":{\"x\":0.0,\"y\":-0.676407,\"z\":0.0,\"w\":0.7365281},\"Storages\":[]},{\"Id\":54,\"Pos\":{\"x\":-970.320862,\"y\":101.280785,\"z\":827.202332},\"Rot\":{\"x\":0.0,\"y\":-0.676407,\"z\":0.0,\"w\":0.7365281},\"Storages\":[]},{\"Id\":55,\"Pos\":{\"x\":-968.532349,\"y\":94.89928,\"z\":815.940063},\"Rot\":{\"x\":0.150469691,\"y\":0.8478333,\"z\":-0.387475729,\"w\":0.329241782},\"Storages\":[]},{\"Id\":55,\"Pos\":{\"x\":-1000.28369,\"y\":99.04118,\"z\":800.8619},\"Rot\":{\"x\":-0.01427318,\"y\":0.898570061,\"z\":-0.0293074362,\"w\":-0.43761766},\"Storages\":[]},{\"Id\":55,\"Pos\":{\"x\":-1039.39429,\"y\":90.73453,\"z\":817.7038},\"Rot\":{\"x\":-0.0504348166,\"y\":-0.182852477,\"z\":-0.009393076,\"w\":0.981801},\"Storages\":[]}]}"}}