{"Version":"0.0.0","Data":{"PlayerArmourSystem":"{\"Version\":\"0.0.0\",\"ArmourPieces\":[{\"ItemId\":593,\"Slot\":4,\"RemainingArmourpoints\":40.0},{\"ItemId\":593,\"Slot\":5,\"RemainingArmourpoints\":40.0},{\"ItemId\":593,\"Slot\":6,\"RemainingArmourpoints\":40.0},{\"ItemId\":593,\"Slot\":7,\"RemainingArmourpoints\":40.0},{\"ItemId\":593,\"Slot\":8,\"RemainingArmourpoints\":10.0},{\"ItemId\":593,\"Slot\":10,\"RemainingArmourpoints\":40.0},{\"ItemId\":593,\"Slot\":11,\"RemainingArmourpoints\":40.0}]}"}}