{"Version":"0.0.0","Data":{"FreeFormStructureLinkerManager":"{\"_nodeLinkersData\":[null,null],\"_builtLinkersData\":[null,{\"_typeId\":4,\"_instanceId\":3},{\"_typeId\":4,\"_instanceId\":6},null,{\"_typeId\":2,\"_instanceId\":3},{\"_typeId\":2,\"_instanceId\":2},null,{\"_typeId\":3,\"_instanceId\":25},null,null,null,{\"_typeId\":8,\"_instanceId\":6},{\"_typeId\":2,\"_instanceId\":4},null,{\"_typeId\":2,\"_instanceId\":47},{\"_typeId\":2,\"_instanceId\":21},null,{\"_typeId\":2,\"_instanceId\":69},{\"_typeId\":2,\"_instanceId\":72},{\"_typeId\":2,\"_instanceId\":63},{\"_typeId\":2,\"_instanceId\":77},{\"_typeId\":2,\"_instanceId\":63},{\"_typeId\":2,\"_instanceId\":5},{\"_typeId\":2,\"_instanceId\":20},{\"_typeId\":9,\"_instanceId\":6},{\"_typeId\":2,\"_instanceId\":56},{\"_typeId\":8,\"_instanceId\":6},{\"_typeId\":2,\"_instanceId\":95},{\"_typeId\":3,\"_instanceId\":190},null,null,null,null,{\"_typeId\":4,\"_instanceId\":60},{\"_typeId\":8,\"_instanceId\":58},{\"_typeId\":8,\"_instanceId\":58},null,null,null,null,null,null,null,null,null,null,null,null,null,null,null,null,null,null,null,null,null,null,null,null,null,null,null,null,null,null,{\"_typeId\":2,\"_instanceId\":119},{\"_typeId\":2,\"_instanceId\":145},{\"_typeId\":2,\"_instanceId\":136},{\"_typeId\":2,\"_instanceId\":130},{\"_typeId\":2,\"_instanceId\":144},{\"_typeId\":2,\"_instanceId\":127},{\"_typeId\":4,\"_instanceId\":84},{\"_typeId\":4,\"_instanceId\":90},{\"_typeId\":2,\"_instanceId\":139},{\"_typeId\":8,\"_instanceId\":54},{\"_typeId\":3,\"_instanceId\":322},{\"_typeId\":2,\"_instanceId\":151},null,null]}"}}