{"Version":"0.0.0","Data":{"Fires":"{\"Version\":\"0.0.0\",\"FiresPerStructureType\":{\"32\":[{\"IsLit\":false,\"PutOutChance\":1,\"Fuel\":300.0,\"FuelDrainRate\":0.25},{\"IsLit\":false,\"PutOutChance\":2,\"Fuel\":300.0,\"FuelDrainRate\":1.0},{\"IsLit\":false,\"PutOutChance\":1,\"Fuel\":300.0,\"FuelDrainRate\":1.0},{\"IsLit\":false,\"PutOutChance\":1,\"Fuel\":300.0,\"FuelDrainRate\":1.0},{\"IsLit\":false,\"PutOutChance\":1,\"Fuel\":300.0,\"FuelDrainRate\":1.0},{\"IsLit\":false,\"PutOutChance\":1,\"Fuel\":300.0,\"FuelDrainRate\":1.0},{\"IsLit\":false,\"PutOutChance\":1,\"Fuel\":300.0,\"FuelDrainRate\":1.0},{\"IsLit\":false,\"PutOutChance\":2,\"Fuel\":240.0,\"FuelDrainRate\":1.0},{\"IsLit\":false,\"PutOutChance\":1,\"Fuel\":80.0099945,\"FuelDrainRate\":1.0},{\"IsLit\":false,\"PutOutChance\":1,\"Fuel\":300.0,\"FuelDrainRate\":1.0},{\"IsLit\":false,\"PutOutChance\":1,\"Fuel\":240.000092,\"FuelDrainRate\":1.0},{\"IsLit\":false,\"PutOutChance\":1,\"Fuel\":240.000092,\"FuelDrainRate\":1.0},{\"IsLit\":false,\"PutOutChance\":1,\"Fuel\":120.00975,\"FuelDrainRate\":1.0},{\"IsLit\":false,\"PutOutChance\":2,\"Fuel\":160.0,\"FuelDrainRate\":1.0},{\"IsLit\":false,\"PutOutChance\":1,\"Fuel\":160.0094,\"FuelDrainRate\":1.0},{\"IsLit\":false,\"PutOutChance\":1,\"Fuel\":160.004852,\"FuelDrainRate\":1.0},{\"IsLit\":false,\"PutOutChance\":1,\"Fuel\":80.0001,\"FuelDrainRate\":1.0}]}}"}}