{"Version":"0.0.0","Data":{"ZipLineManager":"{\"Version\":\"0.0.0\",\"Ziplines\":[{\"_anchorAPosition\":{\"x\":-926.287842,\"y\":90.69266,\"z\":803.2417},\"_anchorBPosition\":{\"x\":-971.8591,\"y\":93.09408,\"z\":820.846252},\"_canBeDismantled\":true},{\"_anchorAPosition\":{\"x\":-779.2961,\"y\":283.328369,\"z\":-511.851074},\"_anchorBPosition\":{\"x\":-820.9682,\"y\":269.3567,\"z\":-521.1925},\"_canBeDismantled\":true},{\"_anchorAPosition\":{\"x\":-774.950745,\"y\":281.516235,\"z\":-531.8751},\"_anchorBPosition\":{\"x\":-817.9071,\"y\":261.3644,\"z\":-507.557922},\"_canBeDismantled\":true},{\"_anchorAPosition\":{\"x\":-840.3205,\"y\":247.884018,\"z\":-478.278046},\"_anchorBPosition\":{\"x\":-844.9407,\"y\":256.277069,\"z\":-499.9307},\"_canBeDismantled\":true},{\"_anchorAPosition\":{\"x\":-535.237061,\"y\":127.592209,\"z\":439.190857},\"_anchorBPosition\":{\"x\":-538.6762,\"y\":151.363556,\"z\":398.350952},\"_canBeDismantled\":true},{\"_anchorAPosition\":{\"x\":-972.0394,\"y\":100.903023,\"z\":819.774658},\"_anchorBPosition\":{\"x\":-965.0253,\"y\":88.89553,\"z\":812.1055},\"_canBeDismantled\":true},{\"_anchorAPosition\":{\"x\":-974.7033,\"y\":101.1629,\"z\":820.895264},\"_anchorBPosition\":{\"x\":-1025.86414,\"y\":96.91947,\"z\":780.8285},\"_canBeDismantled\":true},{\"_anchorAPosition\":{\"x\":-1032.50452,\"y\":88.76304,\"z\":799.8484},\"_anchorBPosition\":{\"x\":-1046.28418,\"y\":92.70602,\"z\":835.5592},\"_canBeDismantled\":true}]}"}}