{"Version":"0.0.0","Data":{"GameState":"{\"Version\":\"0.0.0\",\"SaveTime\":\"2023-03-02T03:17:34.9583440-07:00\",\"GameType\":\"Normal\",\"GameId\":null,\"GameDays\":24,\"GameHours\":8,\"GameMinutes\":30,\"GameSeconds\":31,\"GameMilliseconds\":390,\"IsRobbyDead\":true,\"IsVirginiaDead\":false,\"CoreGameCompleted\":false,\"EscapedIsland\":false,\"StayedOnIsland\":false,\"CrashSite\":\"ocean\",\"NamedIntDatas\":[{\"SaveObjectNameId\":\"LuxuryBunker.EntranceDoor\",\"SaveValue\":0},{\"SaveObjectNameId\":\"LuxuryBunker.HellDoorCaveEntrance\",\"SaveValue\":0},{\"SaveObjectNameId\":\"HangingTacticalGpsPickedUp\",\"SaveValue\":0},{\"SaveObjectNameId\":\"BuriedTacticalGpsPickedUp\",\"SaveValue\":0},{\"SaveObjectNameId\":\"RaftTacticalGpsPickeUp\",\"SaveValue\":1},{\"SaveObjectNameId\":\"BunkerA.EntranceHatch\",\"SaveValue\":3},{\"SaveObjectNameId\":\"BunkerB.EntranceHatch\",\"SaveValue\":0},{\"SaveObjectNameId\":\"BunkerC.EntranceHatch\",\"SaveValue\":0},{\"SaveObjectNameId\":\"BunkerFoodAndDining.EntranceHatch\",\"SaveValue\":3},{\"SaveObjectNameId\":\"BunkerFoodAndDining.DiningDoor\",\"SaveValue\":0},{\"SaveObjectNameId\":\"BunkerFoodAndDining.EntranceDoor\",\"SaveValue\":0},{\"SaveObjectNameId\":\"HangingTactical\",\"SaveValue\":1},{\"SaveObjectNameId\":\"HangingTacticalCutDown\",\"SaveValue\":1},{\"SaveObjectNameId\":\"BunkerResidential.ExitDoor\",\"SaveValue\":0},{\"SaveObjectNameId\":\"BunkerResidential.EntranceDoor\",\"SaveValue\":0},{\"SaveObjectNameId\":\"CaveB.Sluggy\",\"SaveValue\":1},{\"SaveObjectNameId\":\"EntertainmentBunker.ExitDoor\",\"SaveValue\":0},{\"SaveObjectNameId\":\"EntertainmentBunker.EntranceDoor\",\"SaveValue\":0},{\"SaveObjectNameId\":\"EntertainmentBunker.ComputerRoomDoor\",\"SaveValue\":0},{\"SaveObjectNameId\":\"CaveC.Sluggy\",\"SaveValue\":3}]}"}}