{"Version":"0.0.0","Data":{"StructureDestruction":"{\"Version\":\"0.0.0\",\"Data\":[{\"TypeID\":6,\"InstanceID\":1,\"Info\":{\"Health\":189.0,\"MaxHealth\":480.0,\"ElementCount\":7,\"MaxElements\":8,\"BreakCount\":6.0,\"CanBreakTopElement\":true}},{\"TypeID\":3,\"InstanceID\":6,\"Info\":{\"Health\":66.0,\"MaxHealth\":105.0,\"ElementCount\":1,\"MaxElements\":1,\"BreakCount\":0.75,\"CanBreakTopElement\":true}},{\"TypeID\":8,\"InstanceID\":3,\"Info\":{\"Health\":580.0,\"MaxHealth\":780.0,\"ElementCount\":5,\"MaxElements\":5,\"BreakCount\":3.75,\"CanBreakTopElement\":true}},{\"TypeID\":8,\"InstanceID\":7,\"Info\":{\"Health\":1608.75,\"MaxHealth\":1668.75,\"ElementCount\":5,\"MaxElements\":5,\"BreakCount\":3.75,\"CanBreakTopElement\":true}},{\"TypeID\":16,\"InstanceID\":1,\"Info\":{\"Health\":48.0,\"MaxHealth\":60.0,\"ElementCount\":1,\"MaxElements\":1,\"BreakCount\":0.75,\"CanBreakTopElement\":true}},{\"TypeID\":2,\"InstanceID\":6,\"Info\":{\"Health\":190.537476,\"MaxHealth\":214.537476,\"ElementCount\":1,\"MaxElements\":1,\"BreakCount\":0.75,\"CanBreakTopElement\":true}},{\"TypeID\":25,\"InstanceID\":6,\"Info\":{\"Health\":230.0,\"MaxHealth\":60.0,\"ElementCount\":4,\"MaxElements\":1,\"BreakCount\":0.75,\"CanBreakTopElement\":true}},{\"TypeID\":32,\"InstanceID\":5,\"Info\":{\"Health\":40.0,\"MaxHealth\":60.0,\"ElementCount\":2,\"MaxElements\":1,\"BreakCount\":0.75,\"CanBreakTopElement\":true}},{\"TypeID\":9,\"InstanceID\":2,\"Info\":{\"Health\":275.0,\"MaxHealth\":300.0,\"ElementCount\":5,\"MaxElements\":5,\"BreakCount\":3.75,\"CanBreakTopElement\":true}},{\"TypeID\":2,\"InstanceID\":31,\"Info\":{\"Health\":69.0,\"MaxHealth\":99.0,\"ElementCount\":1,\"MaxElements\":1,\"BreakCount\":0.75,\"CanBreakTopElement\":true}},{\"TypeID\":2,\"InstanceID\":61,\"Info\":{\"Health\":439.924927,\"MaxHealth\":569.9249,\"ElementCount\":1,\"MaxElements\":1,\"BreakCount\":0.75,\"CanBreakTopElement\":true}},{\"TypeID\":3,\"InstanceID\":75,\"Info\":{\"Health\":60.0,\"MaxHealth\":120.0,\"ElementCount\":1,\"MaxElements\":1,\"BreakCount\":0.75,\"CanBreakTopElement\":true}},{\"TypeID\":2,\"InstanceID\":5,\"Info\":{\"Health\":1354.83765,\"MaxHealth\":1401.83765,\"ElementCount\":1,\"MaxElements\":1,\"BreakCount\":0.75,\"CanBreakTopElement\":true}},{\"TypeID\":2,\"InstanceID\":34,\"Info\":{\"Health\":225.0,\"MaxHealth\":255.0,\"ElementCount\":1,\"MaxElements\":1,\"BreakCount\":0.75,\"CanBreakTopElement\":true}},{\"TypeID\":4,\"InstanceID\":17,\"Info\":{\"Health\":270.0,\"MaxHealth\":300.0,\"ElementCount\":5,\"MaxElements\":5,\"BreakCount\":3.75,\"CanBreakTopElement\":true}},{\"TypeID\":2,\"InstanceID\":1,\"Info\":{\"Health\":1409.50281,\"MaxHealth\":1459.50281,\"ElementCount\":1,\"MaxElements\":1,\"BreakCount\":0.75,\"CanBreakTopElement\":true}},{\"TypeID\":2,\"InstanceID\":13,\"Info\":{\"Health\":870.108459,\"MaxHealth\":910.108459,\"ElementCount\":1,\"MaxElements\":1,\"BreakCount\":0.75,\"CanBreakTopElement\":true}},{\"TypeID\":3,\"InstanceID\":72,\"Info\":{\"Health\":105.0,\"MaxHealth\":120.0,\"ElementCount\":1,\"MaxElements\":1,\"BreakCount\":0.75,\"CanBreakTopElement\":true}},{\"TypeID\":4,\"InstanceID\":14,\"Info\":{\"Health\":210.0,\"MaxHealth\":300.0,\"ElementCount\":5,\"MaxElements\":5,\"BreakCount\":3.75,\"CanBreakTopElement\":true}},{\"TypeID\":3,\"InstanceID\":69,\"Info\":{\"Health\":108.0,\"MaxHealth\":120.0,\"ElementCount\":1,\"MaxElements\":1,\"BreakCount\":0.75,\"CanBreakTopElement\":true}},{\"TypeID\":8,\"InstanceID\":4,\"Info\":{\"Health\":389.999969,\"MaxHealth\":479.999969,\"ElementCount\":5,\"MaxElements\":5,\"BreakCount\":3.75,\"CanBreakTopElement\":true}},{\"TypeID\":3,\"InstanceID\":71,\"Info\":{\"Health\":70.0,\"MaxHealth\":120.0,\"ElementCount\":1,\"MaxElements\":1,\"BreakCount\":0.75,\"CanBreakTopElement\":true}},{\"TypeID\":3,\"InstanceID\":9,\"Info\":{\"Health\":986.8669,\"MaxHealth\":1012.86688,\"ElementCount\":1,\"MaxElements\":1,\"BreakCount\":0.75,\"CanBreakTopElement\":true}},{\"TypeID\":4,\"InstanceID\":1,\"Info\":{\"Health\":190.0,\"MaxHealth\":300.0,\"ElementCount\":5,\"MaxElements\":5,\"BreakCount\":3.75,\"CanBreakTopElement\":true}},{\"TypeID\":3,\"InstanceID\":12,\"Info\":{\"Health\":1245.25928,\"MaxHealth\":1335.25928,\"ElementCount\":1,\"MaxElements\":1,\"BreakCount\":0.75,\"CanBreakTopElement\":true}},{\"TypeID\":9,\"InstanceID\":28,\"Info\":{\"Health\":275.0,\"MaxHealth\":300.0,\"ElementCount\":5,\"MaxElements\":5,\"BreakCount\":3.75,\"CanBreakTopElement\":true}},{\"TypeID\":4,\"InstanceID\":11,\"Info\":{\"Health\":240.0,\"MaxHealth\":300.0,\"ElementCount\":5,\"MaxElements\":5,\"BreakCount\":3.75,\"CanBreakTopElement\":true}},{\"TypeID\":2,\"InstanceID\":65,\"Info\":{\"Health\":2472.03467,\"MaxHealth\":2532.03467,\"ElementCount\":1,\"MaxElements\":1,\"BreakCount\":0.75,\"CanBreakTopElement\":true}},{\"TypeID\":3,\"InstanceID\":141,\"Info\":{\"Health\":1203.86035,\"MaxHealth\":1530.86035,\"ElementCount\":1,\"MaxElements\":1,\"BreakCount\":0.75,\"CanBreakTopElement\":true}},{\"TypeID\":2,\"InstanceID\":27,\"Info\":{\"Health\":1267.74731,\"MaxHealth\":1321.74731,\"ElementCount\":1,\"MaxElements\":1,\"BreakCount\":0.75,\"CanBreakTopElement\":true}},{\"TypeID\":3,\"InstanceID\":61,\"Info\":{\"Health\":282.279663,\"MaxHealth\":367.279663,\"ElementCount\":1,\"MaxElements\":1,\"BreakCount\":0.75,\"CanBreakTopElement\":true}},{\"TypeID\":2,\"InstanceID\":88,\"Info\":{\"Health\":156.2625,\"MaxHealth\":186.2625,\"ElementCount\":1,\"MaxElements\":1,\"BreakCount\":0.75,\"CanBreakTopElement\":true}},{\"TypeID\":4,\"InstanceID\":44,\"Info\":{\"Health\":210.0,\"MaxHealth\":300.0,\"ElementCount\":5,\"MaxElements\":5,\"BreakCount\":3.75,\"CanBreakTopElement\":true}},{\"TypeID\":33,\"InstanceID\":1,\"Info\":{\"Health\":205.0,\"MaxHealth\":60.0,\"ElementCount\":4,\"MaxElements\":1,\"BreakCount\":0.75,\"CanBreakTopElement\":true}},{\"TypeID\":3,\"InstanceID\":2,\"Info\":{\"Health\":681.8407,\"MaxHealth\":756.8407,\"ElementCount\":1,\"MaxElements\":1,\"BreakCount\":0.75,\"CanBreakTopElement\":true}},{\"TypeID\":3,\"InstanceID\":65,\"Info\":{\"Health\":683.459534,\"MaxHealth\":748.459534,\"ElementCount\":1,\"MaxElements\":1,\"BreakCount\":0.75,\"CanBreakTopElement\":true}},{\"TypeID\":2,\"InstanceID\":63,\"Info\":{\"Health\":79.0,\"MaxHealth\":99.0,\"ElementCount\":1,\"MaxElements\":1,\"BreakCount\":0.75,\"CanBreakTopElement\":true}},{\"TypeID\":8,\"InstanceID\":24,\"Info\":{\"Health\":450.0,\"MaxHealth\":600.0,\"ElementCount\":5,\"MaxElements\":5,\"BreakCount\":3.75,\"CanBreakTopElement\":true}},{\"TypeID\":4,\"InstanceID\":34,\"Info\":{\"Health\":245.0,\"MaxHealth\":300.0,\"ElementCount\":5,\"MaxElements\":5,\"BreakCount\":3.75,\"CanBreakTopElement\":true}},{\"TypeID\":3,\"InstanceID\":58,\"Info\":{\"Health\":1310.59888,\"MaxHealth\":1345.59888,\"ElementCount\":1,\"MaxElements\":1,\"BreakCount\":0.75,\"CanBreakTopElement\":true}},{\"TypeID\":6,\"InstanceID\":3,\"Info\":{\"Health\":203.0,\"MaxHealth\":360.0,\"ElementCount\":6,\"MaxElements\":6,\"BreakCount\":4.5,\"CanBreakTopElement\":true}},{\"TypeID\":3,\"InstanceID\":165,\"Info\":{\"Health\":39.25,\"MaxHealth\":134.25,\"ElementCount\":1,\"MaxElements\":1,\"BreakCount\":0.75,\"CanBreakTopElement\":true}},{\"TypeID\":2,\"InstanceID\":59,\"Info\":{\"Health\":2392.17383,\"MaxHealth\":2404.17383,\"ElementCount\":1,\"MaxElements\":1,\"BreakCount\":0.75,\"CanBreakTopElement\":true}},{\"TypeID\":4,\"InstanceID\":40,\"Info\":{\"Health\":260.0,\"MaxHealth\":300.0,\"ElementCount\":5,\"MaxElements\":5,\"BreakCount\":3.75,\"CanBreakTopElement\":true}},{\"TypeID\":3,\"InstanceID\":146,\"Info\":{\"Health\":936.828369,\"MaxHealth\":1323.82837,\"ElementCount\":1,\"MaxElements\":1,\"BreakCount\":0.75,\"CanBreakTopElement\":true}},{\"TypeID\":2,\"InstanceID\":77,\"Info\":{\"Health\":15.0,\"MaxHealth\":60.0,\"ElementCount\":1,\"MaxElements\":1,\"BreakCount\":0.75,\"CanBreakTopElement\":true}},{\"TypeID\":3,\"InstanceID\":147,\"Info\":{\"Health\":1841.05261,\"MaxHealth\":1917.05261,\"ElementCount\":1,\"MaxElements\":1,\"BreakCount\":0.75,\"CanBreakTopElement\":true}},{\"TypeID\":2,\"InstanceID\":62,\"Info\":{\"Health\":665.517944,\"MaxHealth\":701.517944,\"ElementCount\":1,\"MaxElements\":1,\"BreakCount\":0.75,\"CanBreakTopElement\":true}},{\"TypeID\":2,\"InstanceID\":26,\"Info\":{\"Health\":2835.81274,\"MaxHealth\":2871.81274,\"ElementCount\":1,\"MaxElements\":1,\"BreakCount\":0.75,\"CanBreakTopElement\":true}},{\"TypeID\":2,\"InstanceID\":24,\"Info\":{\"Health\":126.0,\"MaxHealth\":138.0,\"ElementCount\":1,\"MaxElements\":1,\"BreakCount\":0.75,\"CanBreakTopElement\":true}},{\"TypeID\":3,\"InstanceID\":143,\"Info\":{\"Health\":1763.74438,\"MaxHealth\":1935.74438,\"ElementCount\":1,\"MaxElements\":1,\"BreakCount\":0.75,\"CanBreakTopElement\":true}},{\"TypeID\":2,\"InstanceID\":70,\"Info\":{\"Health\":1588.5531,\"MaxHealth\":1600.5531,\"ElementCount\":1,\"MaxElements\":1,\"BreakCount\":0.75,\"CanBreakTopElement\":true}},{\"TypeID\":3,\"InstanceID\":5,\"Info\":{\"Health\":294.440674,\"MaxHealth\":448.440674,\"ElementCount\":1,\"MaxElements\":1,\"BreakCount\":0.75,\"CanBreakTopElement\":true}},{\"TypeID\":2,\"InstanceID\":3,\"Info\":{\"Health\":1181.14026,\"MaxHealth\":1398.14026,\"ElementCount\":1,\"MaxElements\":1,\"BreakCount\":0.75,\"CanBreakTopElement\":true}},{\"TypeID\":2,\"InstanceID\":2,\"Info\":{\"Health\":929.3767,\"MaxHealth\":1205.37671,\"ElementCount\":1,\"MaxElements\":1,\"BreakCount\":0.75,\"CanBreakTopElement\":true}},{\"TypeID\":3,\"InstanceID\":16,\"Info\":{\"Health\":858.7461,\"MaxHealth\":898.7461,\"ElementCount\":1,\"MaxElements\":1,\"BreakCount\":0.75,\"CanBreakTopElement\":true}},{\"TypeID\":2,\"InstanceID\":85,\"Info\":{\"Health\":1501.9856,\"MaxHealth\":1581.9856,\"ElementCount\":1,\"MaxElements\":1,\"BreakCount\":0.75,\"CanBreakTopElement\":true}},{\"TypeID\":3,\"InstanceID\":13,\"Info\":{\"Health\":1634.56042,\"MaxHealth\":1660.56042,\"ElementCount\":1,\"MaxElements\":1,\"BreakCount\":0.75,\"CanBreakTopElement\":true}},{\"TypeID\":3,\"InstanceID\":29,\"Info\":{\"Health\":695.129333,\"MaxHealth\":721.129333,\"ElementCount\":1,\"MaxElements\":1,\"BreakCount\":0.75,\"CanBreakTopElement\":true}},{\"TypeID\":3,\"InstanceID\":24,\"Info\":{\"Health\":1038.09106,\"MaxHealth\":1050.09106,\"ElementCount\":1,\"MaxElements\":1,\"BreakCount\":0.75,\"CanBreakTopElement\":true}},{\"TypeID\":9,\"InstanceID\":34,\"Info\":{\"Health\":280.0,\"MaxHealth\":300.0,\"ElementCount\":5,\"MaxElements\":5,\"BreakCount\":3.75,\"CanBreakTopElement\":true}},{\"TypeID\":3,\"InstanceID\":167,\"Info\":{\"Health\":45.0,\"MaxHealth\":105.0,\"ElementCount\":1,\"MaxElements\":1,\"BreakCount\":0.75,\"CanBreakTopElement\":true}},{\"TypeID\":3,\"InstanceID\":73,\"Info\":{\"Health\":100.0,\"MaxHealth\":120.0,\"ElementCount\":1,\"MaxElements\":1,\"BreakCount\":0.75,\"CanBreakTopElement\":true}},{\"TypeID\":33,\"InstanceID\":7,\"Info\":{\"Health\":60.0,\"MaxHealth\":60.0,\"ElementCount\":2,\"MaxElements\":1,\"BreakCount\":0.75,\"CanBreakTopElement\":true}},{\"TypeID\":8,\"InstanceID\":18,\"Info\":{\"Health\":580.0,\"MaxHealth\":600.0,\"ElementCount\":5,\"MaxElements\":5,\"BreakCount\":3.75,\"CanBreakTopElement\":true}},{\"TypeID\":2,\"InstanceID\":110,\"Info\":{\"Health\":164.999985,\"MaxHealth\":176.999985,\"ElementCount\":1,\"MaxElements\":1,\"BreakCount\":0.75,\"CanBreakTopElement\":true}},{\"TypeID\":18,\"InstanceID\":23,\"Info\":{\"Health\":30.0,\"MaxHealth\":60.0,\"ElementCount\":1,\"MaxElements\":1,\"BreakCount\":0.75,\"CanBreakTopElement\":true}},{\"TypeID\":9,\"InstanceID\":18,\"Info\":{\"Health\":275.0,\"MaxHealth\":300.0,\"ElementCount\":5,\"MaxElements\":5,\"BreakCount\":3.75,\"CanBreakTopElement\":true}},{\"TypeID\":33,\"InstanceID\":3,\"Info\":{\"Health\":220.0,\"MaxHealth\":60.0,\"ElementCount\":4,\"MaxElements\":1,\"BreakCount\":0.75,\"CanBreakTopElement\":true}},{\"TypeID\":3,\"InstanceID\":142,\"Info\":{\"Health\":3635.5813,\"MaxHealth\":3655.5813,\"ElementCount\":1,\"MaxElements\":1,\"BreakCount\":0.75,\"CanBreakTopElement\":true}},{\"TypeID\":4,\"InstanceID\":35,\"Info\":{\"Health\":175.0,\"MaxHealth\":300.0,\"ElementCount\":5,\"MaxElements\":5,\"BreakCount\":3.75,\"CanBreakTopElement\":true}},{\"TypeID\":16,\"InstanceID\":4,\"Info\":{\"Health\":25.0,\"MaxHealth\":60.0,\"ElementCount\":1,\"MaxElements\":1,\"BreakCount\":0.75,\"CanBreakTopElement\":true}},{\"TypeID\":32,\"InstanceID\":8,\"Info\":{\"Health\":25.0,\"MaxHealth\":60.0,\"ElementCount\":1,\"MaxElements\":1,\"BreakCount\":0.75,\"CanBreakTopElement\":true}},{\"TypeID\":33,\"InstanceID\":6,\"Info\":{\"Health\":125.0,\"MaxHealth\":60.0,\"ElementCount\":3,\"MaxElements\":1,\"BreakCount\":0.75,\"CanBreakTopElement\":true}},{\"TypeID\":33,\"InstanceID\":4,\"Info\":{\"Health\":5.0,\"MaxHealth\":60.0,\"ElementCount\":1,\"MaxElements\":1,\"BreakCount\":0.75,\"CanBreakTopElement\":true}},{\"TypeID\":33,\"InstanceID\":5,\"Info\":{\"Health\":205.0,\"MaxHealth\":60.0,\"ElementCount\":4,\"MaxElements\":1,\"BreakCount\":0.75,\"CanBreakTopElement\":true}},{\"TypeID\":9,\"InstanceID\":13,\"Info\":{\"Health\":175.0,\"MaxHealth\":300.0,\"ElementCount\":5,\"MaxElements\":5,\"BreakCount\":3.75,\"CanBreakTopElement\":true}},{\"TypeID\":9,\"InstanceID\":12,\"Info\":{\"Health\":275.0,\"MaxHealth\":300.0,\"ElementCount\":5,\"MaxElements\":5,\"BreakCount\":3.75,\"CanBreakTopElement\":true}},{\"TypeID\":9,\"InstanceID\":11,\"Info\":{\"Health\":275.0,\"MaxHealth\":300.0,\"ElementCount\":5,\"MaxElements\":5,\"BreakCount\":3.75,\"CanBreakTopElement\":true}},{\"TypeID\":4,\"InstanceID\":29,\"Info\":{\"Health\":270.0,\"MaxHealth\":300.0,\"ElementCount\":5,\"MaxElements\":5,\"BreakCount\":3.75,\"CanBreakTopElement\":true}},{\"TypeID\":2,\"InstanceID\":69,\"Info\":{\"Health\":69.0,\"MaxHealth\":99.0,\"ElementCount\":1,\"MaxElements\":1,\"BreakCount\":0.75,\"CanBreakTopElement\":true}},{\"TypeID\":8,\"InstanceID\":25,\"Info\":{\"Health\":535.0,\"MaxHealth\":600.0,\"ElementCount\":5,\"MaxElements\":5,\"BreakCount\":3.75,\"CanBreakTopElement\":true}},{\"TypeID\":3,\"InstanceID\":156,\"Info\":{\"Health\":5.0,\"MaxHealth\":60.0,\"ElementCount\":1,\"MaxElements\":1,\"BreakCount\":0.75,\"CanBreakTopElement\":true}},{\"TypeID\":33,\"InstanceID\":2,\"Info\":{\"Health\":100.0,\"MaxHealth\":60.0,\"ElementCount\":2,\"MaxElements\":1,\"BreakCount\":0.75,\"CanBreakTopElement\":true}},{\"TypeID\":4,\"InstanceID\":16,\"Info\":{\"Health\":290.0,\"MaxHealth\":300.0,\"ElementCount\":5,\"MaxElements\":5,\"BreakCount\":3.75,\"CanBreakTopElement\":true}}]}"}}